file-timestamp,2023-06-15T03:19:05,,,,,,
station-id,50,,,,,,
station-name,Taw and Torridge,,,,,,
data-type-id,spi,,,,,,
data-type-name,Standardised Precipitation Index,,,,,,
reference-period,1961-2010,,,,,,
distribution,Gamma,,,,,,
date,spi-1,spi-3,spi-6,spi-9,spi-12,spi-18,spi-24
1862-01,-0.159,NA,NA,NA,NA,NA,NA
1862-02,-1.58,NA,NA,NA,NA,NA,NA
1862-03,0.69,-0.687,NA,NA,NA,NA,NA
1862-04,0.1,-0.644,NA,NA,NA,NA,NA
1862-05,0.191,0.423,NA,NA,NA,NA,NA
1862-06,0.805,0.528,-0.282,NA,NA,NA,NA
1862-07,0.518,0.702,0.074,NA,NA,NA,NA
1862-08,-0.475,0.331,0.455,NA,NA,NA,NA
1862-09,-0.724,-0.604,-0.152,NA,NA,NA,NA
1862-10,1.034,0.09,0.475,NA,NA,NA,NA
1862-11,-2.682,-0.719,-0.439,NA,NA,NA,NA
1862-12,-0.348,-0.629,-0.902,NA,-0.865,NA,NA
1863-01,0.664,-1.037,-0.64,NA,-0.523,NA,NA
1863-02,-0.735,-0.247,-0.708,NA,-0.372,NA,NA
1863-03,-0.403,-0.256,-0.705,NA,-0.674,NA,NA
1863-04,-0.225,-1.19,-1.566,NA,-0.69,NA,NA
1863-05,0.081,-0.544,-0.563,NA,-0.738,NA,NA
1863-06,1.807,1.236,0.571,NA,-0.345,-0.479,NA
1863-07,-1.215,0.733,-0.227,NA,-0.69,-0.572,NA
1863-08,0.813,1.076,0.535,NA,-0.349,-0.091,NA
1863-09,1.365,0.829,1.404,NA,0.303,0.139,NA
1863-10,1.243,1.776,1.969,NA,0.412,0.503,NA
1863-11,0.034,1.404,1.867,NA,0.924,0.507,NA
1863-12,-0.284,0.596,0.903,NA,0.974,0.251,0.072
1864-01,-0.568,-0.713,0.831,NA,0.525,-0.018,-0.01
1864-02,-0.542,-0.91,0.371,NA,0.565,-0.051,0.107
1864-03,-0.382,-1.145,-0.284,NA,0.582,0.018,-0.054
1864-04,-0.706,-1.31,-1.361,NA,0.491,-0.383,-0.135
1864-05,-1.199,-1.543,-1.643,NA,0.292,-0.12,-0.298
1864-06,0.045,-1.283,-1.892,NA,-0.322,-0.028,-0.489
1864-07,-0.836,-1.191,-1.937,NA,-0.25,-0.346,-0.718
1864-08,-1.269,-1.261,-2.04,NA,-0.818,-0.422,-0.855
1864-09,0.536,-0.917,-1.635,NA,-1.207,-0.215,-0.59
1864-10,-0.893,-0.965,-1.725,NA,-2.122,-0.37,-1.05
1864-11,0.182,-0.267,-1.145,NA,-2.006,-0.383,-0.66
1864-12,-0.071,-0.638,-1.091,NA,-1.941,-0.905,-0.605
1865-01,0.578,0.255,-0.46,NA,-1.414,-0.531,-0.555
1865-02,0.444,0.357,0.027,NA,-1.094,-0.616,-0.316
1865-03,-0.157,0.436,-0.236,NA,-1.102,-0.999,-0.296
1865-04,-0.917,-0.4,-0.066,NA,-1.062,-1.58,-0.355
1865-05,1.388,0.26,0.371,NA,-0.488,-1.273,-0.146
1865-06,-0.81,-0.129,0.227,NA,-0.694,-1.521,-0.721
1865-07,1.107,0.922,0.419,NA,-0.186,-0.98,-0.365
1865-08,1.977,1.44,1.291,NA,0.776,-0.256,-0.039
1865-09,-3.635,0.97,0.644,NA,0.157,-0.596,-0.691
1865-10,1.874,1.631,1.954,NA,1.284,0.235,-0.413
1865-11,1.074,1.098,1.867,NA,1.52,0.694,-0.193
1865-12,-0.193,1.707,1.85,NA,1.528,0.625,-0.155
1866-01,0.778,0.866,1.612,NA,1.512,0.892,0.172
1866-02,0.862,0.65,1.124,NA,1.64,1.251,0.427
1866-03,0.589,1.182,1.938,NA,1.857,1.247,0.563
1866-04,-0.535,0.611,0.99,NA,1.824,1.415,0.581
1866-05,-0.626,-0.425,0.313,NA,1.457,1.272,0.643
1866-06,0.174,-0.789,0.562,NA,1.684,1.506,0.714
1866-07,-0.301,-0.562,-0.033,NA,1.295,1.23,0.763
1866-08,0.646,0.17,-0.192,NA,0.875,1.34,1.094
1866-09,2.225,1.74,0.973,NA,2.142,1.951,1.508
1866-10,-1.121,1.029,0.512,NA,0.995,1.671,1.419
1866-11,-0.584,0.45,0.416,NA,0.458,1.417,1.304
1866-12,0.199,-1.012,0.423,NA,0.609,1.548,1.472
1867-01,1.002,0.354,0.873,NA,0.657,1.499,1.415
1867-02,0.492,0.778,0.79,NA,0.529,1.096,1.349
1867-03,1.003,1.309,0.175,NA,0.652,1.589,1.533
1867-04,0.943,1.295,0.995,NA,0.929,1.206,1.731
1867-05,0.77,1.457,1.355,NA,1.217,1.054,1.673
1867-06,-0.711,0.47,1.376,NA,1.082,1.141,1.83
1867-07,1.079,0.564,1.289,NA,1.348,1.089,1.81
1867-08,-0.647,-0.194,0.763,NA,1.11,0.802,1.325
1867-09,-0.485,-0.153,0.133,NA,0.176,0.571,1.519
1867-10,1.203,0.265,0.522,NA,1.005,0.956,1.238
1867-11,-2.404,-0.387,-0.559,NA,0.642,0.718,0.688
1867-12,-0.619,-0.548,-0.567,NA,0.42,0.527,0.671
1868-01,1.006,-0.807,-0.376,NA,0.386,0.804,0.661
1868-02,-0.409,-0.005,-0.32,NA,0.131,0.572,0.389
1868-03,0.392,0.548,-0.096,NA,-0.044,0.033,0.359
1868-04,0.327,-0.107,-0.753,NA,-0.179,0.356,0.465
1868-05,-0.335,0.066,-0.044,NA,-0.442,0.413,0.504
1868-06,-1.363,-0.983,-0.154,NA,-0.559,0.219,0.354
1868-07,-2.331,-2.257,-1.67,NA,-1.213,-0.375,0.15
1868-08,1.36,-0.511,-0.422,NA,-0.618,-0.137,0.338
1868-09,0.948,0.673,-0.099,NA,-0.186,-0.112,-0.042
1868-10,0.675,1.466,0.191,NA,-0.428,-0.077,0.352
1868-11,-1.122,0.304,-0.158,NA,-0.188,-0.496,0.257
1868-12,1.419,0.759,0.933,NA,0.594,0.111,0.66
1869-01,0.555,0.68,1.381,NA,0.37,0.011,0.47
1869-02,0.765,1.331,1.122,NA,0.713,0.299,0.507
1869-03,-1.245,0.27,0.657,NA,0.423,0.223,0.214
1869-04,-0.488,-0.425,0.28,NA,0.264,-0.202,0.026
1869-05,2.098,0.576,1.4,NA,0.904,0.625,0.291
1869-06,-1.615,0.446,0.444,NA,0.906,0.654,0.228
1869-07,-1.751,-0.049,-0.417,NA,0.914,0.096,-0.19
1869-08,-1.32,-2.745,-1.383,NA,0.264,-0.024,-0.282
1869-09,1.711,-0.111,0.147,NA,0.586,0.386,0.231
1869-10,0.304,0.609,0.417,NA,0.43,0.38,-0.036
1869-11,-0.25,0.889,-0.66,NA,0.62,0.393,0.242
1869-12,0.693,0.334,0.142,NA,0.331,0.765,0.598
1870-01,-0.405,-0.101,0.298,NA,-0.022,0.847,0.203
1870-02,-0.335,-0.114,0.465,NA,-0.369,0.444,0.206
1870-03,-0.65,-1.028,-0.436,NA,-0.295,0.139,0.065
1870-04,-2.239,-1.923,-1.124,NA,-0.472,-0.261,-0.155
1870-05,-0.403,-1.937,-1.062,NA,-1.236,-0.107,-0.171
1870-06,-1.216,-2.449,-2.445,NA,-1.227,-0.828,-0.184
1870-07,-1.321,-1.814,-2.854,NA,-1.116,-1.146,-0.129
1870-08,-0.549,-1.814,-2.721,NA,-1.03,-1.572,-0.553
1870-09,-0.61,-1.652,-2.961,NA,-1.997,-1.468,-0.854
1870-10,1.613,0.626,-0.523,NA,-1.17,-0.652,-0.486
1870-11,-0.382,0.637,-0.545,NA,-1.18,-1.37,-0.393
1870-12,-0.885,0.451,-0.546,NA,-1.793,-1.313,-1.023
1871-01,-0.015,-0.958,-0.198,NA,-1.581,-1.029,-1.048
1871-02,-0.075,-0.672,-0.073,NA,-1.495,-0.832,-1.174
1871-03,-0.831,-0.637,-0.122,NA,-1.611,-1.451,-1.159
1871-04,1.331,0.165,-0.698,NA,-0.81,-1.258,-0.844
1871-05,-1.666,-0.425,-0.871,NA,-1.025,-1.41,-1.469
1871-06,0.257,0.178,-0.492,NA,-0.744,-1.797,-1.364
1871-07,1.876,0.684,0.582,NA,0.109,-1.027,-0.742
1871-08,-0.701,0.795,0.346,NA,0.077,-1.138,-0.69
1871-09,1.429,1.624,1.385,NA,0.724,-0.574,-0.754
1871-10,0.881,0.979,1.218,NA,0.345,-0.012,-0.545
1871-11,-1.881,0.521,0.916,NA,0.008,-0.324,-0.84
1871-12,-0.512,-0.64,0.571,NA,0.125,-0.257,-1.183
1872-01,1.215,-0.385,0.395,NA,0.579,0.283,-0.614
1872-02,1.069,0.913,0.936,NA,0.946,0.636,-0.278
1872-03,0.615,1.654,0.666,NA,1.265,0.847,-0.112
1872-04,0.445,1.264,0.433,NA,1.003,0.438,0.143
1872-05,-0.117,0.404,0.938,NA,1.229,0.486,0.177
1872-06,1.588,1.252,2.162,NA,1.677,1.187,0.679
1872-07,1.916,1.973,2.388,NA,1.616,1.571,1.199
1872-08,0.023,1.861,1.745,NA,1.853,1.684,1.335
1872-09,1.029,1.67,2.074,NA,1.777,1.996,1.601
1872-10,1.351,1.34,2.416,NA,1.937,1.977,1.456
1872-11,1.251,1.88,2.826,NA,2.597,2.618,1.815
1872-12,1.12,2.083,2.552,NA,3.134,2.8,2.393
1873-01,0.873,1.8,2.003,NA,2.854,2.471,2.315
1873-02,0.06,1.01,1.906,NA,2.569,2.54,2.211
1873-03,0.956,0.948,2.085,NA,2.748,2.399,2.461
1873-04,-1.327,-0.118,1.405,NA,2.38,2.11,2.147
1873-05,-0.105,-0.18,0.76,NA,2.438,2.333,2.325
1873-06,-0.219,-1.167,0.144,NA,2.037,2.737,2.465
1873-07,1.098,0.338,0.107,NA,1.704,2.456,2.289
1873-08,1.94,1.587,1.191,NA,2.394,2.815,2.896
1873-09,0.171,1.874,0.919,NA,2.238,2.679,2.572
1873-10,0.012,1.086,1.093,NA,1.665,2.383,2.271
1873-11,-0.764,-0.458,0.786,NA,1.032,2.454,2.449
1873-12,-2.185,-1.695,0.126,NA,0.142,1.679,2.404
1874-01,0.14,-1.648,-0.21,NA,-0.164,1.19,1.883
1874-02,0.182,-0.911,-1.011,NA,-0.125,1.197,1.606
1874-03,-0.855,-0.352,-1.504,NA,-0.578,0.864,1.454
1874-04,-0.177,-0.672,-1.742,NA,-0.351,0.461,1.369
1874-05,-1.648,-1.717,-1.725,NA,-0.603,-0.067,1.272
1874-06,-0.275,-1.399,-1.236,NA,-0.639,-0.511,1.01
1874-07,-0.036,-1.093,-1.393,NA,-0.936,-0.756,0.602
1874-08,1.284,0.533,-0.558,NA,-1.323,-0.431,0.905
1874-09,1.82,1.897,0.837,NA,-0.668,-0.086,1.098
1874-10,0.481,1.8,1.023,NA,-0.435,0.22,0.806
1874-11,-0.44,0.99,1.136,NA,-0.34,0.14,0.438
1874-12,1.218,0.739,1.695,NA,0.674,0.557,0.524
1875-01,0.987,1.093,1.87,NA,0.938,0.564,0.501
1875-02,-1.006,0.791,1.15,NA,0.671,-0.139,0.325
1875-03,-1.331,-0.408,0.238,NA,0.619,-0.352,0.026
1875-04,-0.324,-1.997,-0.051,NA,0.578,-0.384,0.127
1875-05,0.601,-0.707,0.324,NA,0.948,-0.123,0.226
1875-06,1.149,0.855,0.173,NA,1.355,0.592,0.504
1875-07,0.987,1.387,-0.019,NA,1.529,0.744,0.464
1875-08,-0.125,0.974,0.357,NA,1.205,0.722,-0.029
1875-09,0.981,0.958,1.248,NA,0.912,1.069,0.157
1875-10,1.243,1.177,1.865,NA,1.227,1.364,0.501
1875-11,0.906,1.607,1.976,NA,1.569,1.875,0.831
1875-12,-1.776,0.497,0.91,NA,0.755,1.557,0.956
1876-01,-1.674,-1.399,-0.008,NA,-0.07,1.159,0.56
1876-02,0.87,-1.244,0.355,NA,0.448,1.055,0.675
1876-03,1.201,0.188,0.409,NA,0.991,0.832,0.966
1876-04,0.816,1.641,0.013,NA,1.179,0.886,1.092
1876-05,-2.902,0.26,-0.941,NA,0.77,0.712,1.064
1876-06,-0.343,-0.96,-0.484,NA,0.382,0.358,1.145
1876-07,-0.859,-2.016,0.014,NA,-0.052,-0.09,1.028
1876-08,0.663,-0.311,-0.144,NA,0.17,0.28,0.919
1876-09,2.159,1.511,0.676,NA,0.692,1.098,1.005
1876-10,-0.1,1.413,0.225,NA,0.116,1.019,0.834
1876-11,0.081,1.125,0.729,NA,-0.176,1.005,0.934
1876-12,1.773,1.06,1.676,NA,1.022,1.282,1.204
1877-01,0.797,1.609,1.927,NA,1.595,1.212,1.021
1877-02,0.099,1.393,1.673,NA,1.361,1.227,1.119
1877-03,0.01,0.466,1.006,NA,1.122,1.024,1.271
1877-04,1.089,0.519,1.557,NA,1.146,0.889,1.447
1877-05,0.897,1.05,1.681,NA,1.658,0.808,1.527
1877-06,-0.371,0.813,0.853,NA,1.706,1.216,1.393
1877-07,1.636,1.146,1.202,NA,2.166,1.818,1.516
1877-08,1.508,1.53,1.817,NA,2.552,2.075,1.919
1877-09,-0.117,1.736,1.855,NA,1.9,1.772,1.665
1877-10,-0.253,0.518,1.146,NA,1.807,1.427,1.23
1877-11,1.259,0.401,1.377,NA,2.104,2.105,1.331
1877-12,-0.734,0.067,1.119,NA,1.299,1.955,1.591
1878-01,-1.013,-0.327,0.096,NA,0.691,1.74,1.493
1878-02,-0.72,-1.502,-0.745,NA,0.496,1.46,1.147
1878-03,-0.378,-1.556,-0.94,NA,0.426,0.86,0.933
1878-04,0.338,-0.791,-0.762,NA,0.237,0.984,0.86
1878-05,1.843,1.105,-0.59,NA,0.527,1.303,1.379
1878-06,0.659,1.632,-0.02,NA,0.795,1.041,1.657
1878-07,-0.632,1.05,0.298,NA,0.185,0.669,1.667
1878-08,1.423,0.869,1.309,NA,0.154,1.065,1.909
1878-09,0.331,0.747,1.622,NA,0.285,1.105,1.417
1878-10,0.767,1.269,1.714,NA,0.679,1.029,1.569
1878-11,-0.295,0.374,0.848,NA,0.14,0.872,1.526
1878-12,-0.615,-0.127,0.316,NA,0.19,0.774,1.018
1879-01,-0.253,-0.921,0.317,NA,0.364,0.291,0.669
1879-02,0.722,-0.215,0.036,NA,0.757,0.083,0.759
1879-03,-1.98,-0.569,-0.533,NA,0.548,-0.129,0.576
1879-04,-0.033,-0.491,-1.072,NA,0.461,-0.043,0.413
1879-05,0.322,-1.005,-0.755,NA,0.034,-0.338,0.33
1879-06,2.024,1.649,0.657,NA,0.568,0.425,0.88
1879-07,1.062,1.952,1.312,NA,0.924,0.865,0.735
1879-08,1.516,2.432,1.625,NA,1.009,1.458,0.767
1879-09,0.662,1.792,2.429,NA,1.144,1.626,0.901
1879-10,-0.902,0.595,1.811,NA,0.569,1.248,0.754
1879-11,-3.978,-1.732,0.773,NA,-0.024,0.427,0.016
1879-12,-1.556,-3.51,-0.845,NA,-0.236,-0.043,-0.091
1880-01,-2.266,-4.652,-1.93,NA,-0.686,-0.365,-0.224
1880-02,0.363,-1.781,-2.477,NA,-0.818,-0.65,-0.027
1880-03,-0.68,-1.525,-3.531,NA,-0.664,-0.826,-0.07
1880-04,-0.09,-0.367,-3.421,NA,-0.625,-1.083,-0.116
1880-05,-0.733,-1.114,-2.165,NA,-0.864,-1.123,-0.546
1880-06,0.325,-0.459,-1.654,NA,-1.63,-1.026,-0.677
1880-07,1.528,0.698,0.245,NA,-1.378,-0.488,-0.286
1880-08,-1.766,0.25,-0.513,NA,-2.517,-1.023,-0.889
1880-09,0.849,0.635,0.164,NA,-2.532,-0.493,-0.737
1880-10,0.796,0.277,0.627,NA,-1.686,-0.196,-0.69
1880-11,-0.404,0.616,0.616,NA,-1.008,-0.384,-0.752
1880-12,0.578,0.531,0.735,NA,-0.337,-0.794,-0.469
1881-01,-1.45,-0.785,-0.354,NA,-0.203,-1.329,-0.613
1881-02,0.277,-0.325,0.133,NA,-0.229,-1.682,-0.677
1881-03,0.253,-0.754,-0.125,NA,-0.049,-1.794,-0.45
1881-04,-1.194,-0.4,-0.912,NA,-0.205,-1.746,-0.555
1881-05,-0.468,-0.911,-0.811,NA,-0.17,-1.248,-0.681
1881-06,0.745,-0.49,-1.044,NA,-0.049,-0.845,-1.129
1881-07,0.132,0.158,-0.232,NA,-0.464,-0.309,-1.344
1881-08,1.282,1.101,0.371,NA,0.277,-0.056,-1.469
1881-09,-0.448,0.542,0.066,NA,-0.111,-0.04,-1.662
1881-10,-0.498,0.088,0.091,NA,-0.604,-0.146,-1.504
1881-11,0.123,-0.606,0.269,NA,-0.429,-0.031,-1.039
1881-12,0.059,-0.381,-0.002,NA,-0.625,-0.075,-0.744
1882-01,-0.771,-0.543,-0.338,NA,-0.452,-0.622,-0.461
1882-02,-0.455,-0.762,-1.009,NA,-0.662,-0.468,-0.582
1882-03,-1.047,-1.552,-1.305,NA,-0.988,-0.822,-0.64
1882-04,1.38,-0.148,-0.572,NA,-0.346,-0.778,-0.381
1882-05,-0.409,0.017,-0.705,NA,-0.349,-0.752,-0.36
1882-06,1.236,1.389,-0.224,NA,-0.182,-0.697,-0.195
1882-07,1.63,1.447,1.041,NA,0.267,0.085,-0.187
1882-08,0.964,1.92,1.599,NA,0.156,0.275,0.25
1882-09,0.693,1.779,2.25,NA,0.488,0.382,0.213
1882-10,0.883,1.256,1.973,NA,0.99,0.749,0.237
1882-11,0.653,1.093,2.225,NA,1.117,1.033,0.443
1882-12,0.708,1.192,1.944,NA,1.373,1.049,0.536
1883-01,-0.145,0.567,1.163,NA,1.45,0.908,0.687
1883-02,0.562,0.451,0.984,NA,1.704,0.724,0.709
1883-03,-2.071,-0.649,0.471,NA,1.653,0.572,0.484
1883-04,-1.058,-1.229,-0.21,NA,1.125,0.598,0.498
1883-05,-0.261,-2.154,-0.576,NA,1.174,0.518,0.53
1883-06,0.634,-0.427,-0.913,NA,1.019,0.721,0.547
1883-07,0.873,0.605,-0.368,NA,0.745,1.046,0.662
1883-08,-0.601,0.372,-0.919,NA,0.355,1.096,0.305
1883-09,1.391,0.987,0.486,NA,0.629,1.566,0.688
1883-10,0.126,0.483,0.734,NA,0.313,1.212,0.796
1883-11,0.548,0.96,1.002,NA,0.263,1.493,0.889
1883-12,-1.599,-0.555,0.175,NA,-0.414,0.874,0.672
1884-01,0.062,-0.63,-0.113,NA,-0.34,0.466,0.754
1884-02,0.314,-0.693,0.155,NA,-0.424,0.306,0.841
1884-03,-0.129,-0.024,-0.496,NA,-0.139,0.138,0.95
1884-04,-0.48,-0.312,-0.738,NA,-0.029,-0.171,0.687
1884-05,-0.434,-0.829,-1.098,NA,-0.065,-0.409,0.698
1884-06,-0.465,-1.131,-0.778,NA,-0.356,-0.789,0.436
1884-07,0.408,-0.418,-0.626,NA,-0.473,-0.594,0.16
1884-08,0.12,-0.123,-0.676,NA,-0.323,-0.755,-0.021
1884-09,-0.294,-0.081,-0.843,NA,-0.953,-0.521,-0.211
1884-10,-1.179,-0.978,-1.208,NA,-1.344,-0.599,-0.671
1884-11,-1.379,-1.762,-1.6,NA,-1.923,-0.918,-1.116
1884-12,0.297,-1.36,-1.112,NA,-1.318,-0.944,-1.279
1885-01,-0.689,-1.126,-1.425,NA,-1.531,-1.278,-1.242
1885-02,0.147,-0.276,-1.347,NA,-1.586,-1.124,-1.264
1885-03,-1.575,-1.249,-1.883,NA,-1.968,-1.737,-1.256
1885-04,0.176,-0.805,-1.419,NA,-1.698,-1.757,-1.083
1885-05,0.711,-0.41,-0.522,NA,-1.453,-1.76,-0.967
1885-06,0.351,0.543,-0.696,NA,-1.28,-1.512,-1.128
1885-07,-1.324,-0.148,-0.756,NA,-1.603,-1.64,-1.501
1885-08,-0.882,-1.054,-1.14,NA,-1.986,-2.013,-1.602
1885-09,1.402,-0.129,0.202,NA,-1.382,-1.497,-1.551
1885-10,0.885,0.911,0.636,NA,-0.535,-0.982,-1.248
1885-11,-0.303,1.038,0.235,NA,-0.257,-1.082,-1.504
1885-12,-1.651,-0.478,-0.5,NA,-0.815,-1.326,-1.573
1886-01,0.685,-0.705,0.16,NA,-0.309,-1.143,-1.22
1886-02,-1.428,-1.04,0.013,NA,-0.668,-1.423,-1.424
1886-03,0.258,-0.192,-0.554,NA,-0.352,-1.306,-1.397
1886-04,-0.122,-1.057,-1.219,NA,-0.379,-1.049,-1.323
1886-05,0.73,0.357,-0.728,NA,-0.388,-0.632,-1.185
1886-06,-0.989,-0.375,-0.484,NA,-0.705,-0.986,-1.371
1886-07,0.167,-0.144,-0.92,NA,-0.389,-0.691,-1.438
1886-08,-0.371,-0.78,-0.416,NA,-0.307,-0.842,-1.59
1886-09,-0.402,-0.598,-0.789,NA,-0.97,-0.678,-1.562
1886-10,1.176,0.378,0.148,NA,-0.765,-0.254,-0.884
1886-11,-0.289,0.379,-0.252,NA,-0.742,-0.504,-0.742
1886-12,0.809,1.017,0.445,NA,0.031,-0.307,-0.606
1887-01,-0.656,-0.167,0.097,NA,-0.444,-0.288,-0.527
1887-02,-1.827,-0.625,-0.231,NA,-0.494,-0.424,-0.754
1887-03,-1.256,-2.283,-0.459,NA,-0.843,-0.969,-0.747
1887-04,-0.892,-2.865,-1.578,NA,-0.921,-1.395,-0.853
1887-05,-0.738,-1.983,-1.576,NA,-1.289,-1.434,-1.086
1887-06,-2.028,-2.413,-3.602,NA,-1.465,-1.515,-1.492
1887-07,-1.094,-2.229,-3.851,NA,-1.678,-1.838,-1.488
1887-08,-0.926,-2.262,-3.084,NA,-1.924,-1.823,-1.551
1887-09,0.72,-0.707,-2.102,NA,-1.603,-1.643,-1.702
1887-10,-0.39,-0.412,-1.786,NA,-2.317,-1.583,-1.993
1887-11,-0.191,-0.107,-1.517,NA,-2.217,-1.946,-2.046
1887-12,-0.612,-0.914,-1.184,NA,-2.888,-1.873,-1.941
1888-01,-1.642,-1.626,-1.354,NA,-3.064,-2.2,-2.224
1888-02,-1.333,-2.008,-1.427,NA,-2.964,-2.37,-2.088
1888-03,0.754,-1.485,-1.691,NA,-2.539,-2.105,-2.041
1888-04,-0.617,-0.889,-1.858,NA,-2.336,-2.702,-2.067
1888-05,-0.794,-0.411,-1.918,NA,-2.412,-2.753,-2.365
1888-06,0.341,-0.775,-1.846,NA,-1.998,-3.397,-2.367
1888-07,1.739,0.846,0.054,NA,-1.078,-2.428,-1.999
1888-08,0.114,1.082,0.61,NA,-0.885,-2.144,-1.976
1888-09,-1.384,0.405,-0.218,NA,-1.522,-2.16,-2.066
1888-10,-1.344,-1.585,-0.649,NA,-1.749,-2.157,-2.66
1888-11,1.438,-0.415,0.394,NA,-1.039,-1.712,-2.261
1888-12,-0.274,-0.075,0.136,NA,-0.931,-1.458,-2.707
1889-01,-1.798,-0.235,-1.157,NA,-0.931,-1.608,-2.587
1889-02,0.232,-1.021,-1.054,NA,-0.544,-1.37,-2.123
1889-03,0.548,-0.763,-0.609,NA,-0.64,-1.434,-1.906
1889-04,-0.322,0.121,-0.172,NA,-0.537,-1.384,-1.802
1889-05,0.434,0.252,-0.776,NA,-0.307,-1.252,-1.688
1889-06,-2.025,-1.095,-1.436,NA,-0.736,-1.539,-1.854
1889-07,0.455,-0.432,-0.318,NA,-1.146,-0.949,-1.629
1889-08,0.528,-0.279,-0.126,NA,-1.082,-0.587,-1.411
1889-09,-0.804,-0.031,-0.779,NA,-1.011,-0.914,-1.678
1889-10,0.228,-0.091,-0.457,NA,-0.459,-0.673,-1.444
1889-11,-1.758,-1.2,-1.292,NA,-1.481,-0.981,-1.78
1889-12,-0.804,-1.345,-1.068,NA,-1.669,-1.227,-1.901
1890-01,0.375,-1.276,-0.914,NA,-0.958,-1.511,-1.278
1890-02,-1.594,-0.96,-1.54,NA,-1.396,-1.815,-1.23
1890-03,-1.076,-1.149,-1.809,NA,-1.874,-1.74,-1.532
1890-04,0.545,-1.516,-1.941,NA,-1.545,-1.326,-1.338
1890-05,0.349,-0.217,-0.997,NA,-1.612,-1.704,-1.225
1890-06,0.491,0.631,-0.556,NA,-1.163,-1.729,-1.316
1890-07,0.975,0.846,-0.305,NA,-0.949,-0.965,-1.537
1890-08,0.579,0.932,0.582,NA,-0.995,-0.921,-1.488
1890-09,-1.321,0.145,0.468,NA,-1.144,-1.282,-1.436
1890-10,-0.858,-0.952,-0.214,NA,-1.49,-1.332,-1.287
1890-11,0.273,-1.05,-0.194,NA,-0.888,-1.469,-1.674
1890-12,-1.273,-1.241,-0.877,NA,-1.012,-1.458,-1.961
1891-01,-0.597,-1.123,-1.406,NA,-1.33,-1.653,-1.539
1891-02,-3.079,-2.236,-2.287,NA,-1.464,-2.175,-1.818
1891-03,-0.431,-2.085,-2.297,NA,-1.409,-2.086,-2.022
1891-04,-0.57,-2.44,-2.277,NA,-1.576,-2.282,-2.015
1891-05,0.628,-0.358,-2.047,NA,-1.541,-1.772,-2.038
1891-06,-0.187,-0.264,-1.93,NA,-1.804,-1.831,-2.032
1891-07,0.475,0.319,-1.308,NA,-1.893,-1.719,-2.049
1891-08,1.915,1.28,0.818,NA,-1.382,-0.837,-1.693
1891-09,0.363,1.634,1.148,NA,-0.989,-0.557,-1.421
1891-10,1.14,1.826,1.772,NA,-0.134,-0.228,-1.065
1891-11,-0.505,0.582,1.326,NA,-0.369,-0.448,-0.917
1891-12,0.507,0.708,1.498,NA,0.189,-0.386,-0.623
1892-01,-0.756,-0.57,0.946,NA,0.124,-0.776,-0.792
1892-02,-0.042,-0.268,0.146,NA,0.543,-0.921,-0.54
1892-03,-2.318,-1.673,-0.457,NA,0.298,-0.981,-0.656
1892-04,-0.814,-1.878,-1.522,NA,0.262,-0.882,-0.811
1892-05,-0.789,-2.51,-1.435,NA,-0.018,-1.07,-0.986
1892-06,-0.304,-1.422,-2.44,NA,-0.047,-0.957,-1.235
1892-07,0.069,-0.718,-1.942,NA,-0.145,-0.706,-1.442
1892-08,0.487,-0.002,-1.446,NA,-0.75,-0.21,-1.519
1892-09,0.273,0.313,-0.658,NA,-0.814,-0.072,-1.207
1892-10,0.131,0.295,-0.278,NA,-1.266,0.049,-0.93
1892-11,-1.019,-0.434,-0.461,NA,-1.375,-0.305,-1.237
1892-12,-1.054,-1.235,-0.757,NA,-1.964,-0.5,-1.243
1893-01,-0.933,-2.066,-1.066,NA,-1.941,-0.806,-1.158
1893-02,0.821,-0.68,-0.835,NA,-1.59,-1.133,-0.611
1893-03,-2.784,-1.103,-1.697,NA,-1.718,-1.539,-0.827
1893-04,-2.676,-1.612,-2.634,NA,-1.823,-2.27,-0.952
1893-05,-0.223,-3.126,-2.076,NA,-1.757,-2.175,-1.112
1893-06,-1.089,-2.341,-2.462,NA,-1.985,-2.901,-1.346
1893-07,1.938,0.61,-0.582,NA,-1.224,-1.89,-1.004
1893-08,-0.72,0.314,-1.389,NA,-1.664,-2.138,-1.707
1893-09,0.084,0.8,-0.636,NA,-1.8,-1.731,-1.719
1893-10,0.095,-0.4,0.015,NA,-1.741,-1.418,-1.98
1893-11,-1.143,-0.617,-0.372,NA,-1.726,-1.691,-2.178
1893-12,-0.044,-0.72,-0.067,NA,-1.401,-1.582,-2.449
1894-01,-0.273,-1.014,-0.969,NA,-1.148,-1.606,-2.06
1894-02,0.005,-0.345,-0.717,NA,-1.455,-1.716,-1.933
1894-03,-0.321,-0.558,-0.968,NA,-1.156,-1.835,-1.771
1894-04,-0.427,-0.676,-1.254,NA,-0.817,-1.966,-1.692
1894-05,0.555,-0.277,-0.514,NA,-0.659,-1.614,-1.549
1894-06,0.067,-0.078,-0.604,NA,-0.447,-1.533,-1.638
1894-07,1.3,0.929,0.257,NA,-0.669,-0.852,-1.39
1894-08,0.666,0.967,0.58,NA,-0.327,-0.97,-1.398
1894-09,-0.394,0.807,0.537,NA,-0.477,-0.694,-1.489
1894-10,0.493,0.336,0.841,NA,-0.281,-0.225,-1.316
1894-11,0.788,0.439,0.975,NA,0.283,-0.003,-0.981
1894-12,-0.72,0.232,0.617,NA,0.102,-0.006,-0.946
1895-01,0.065,-0.07,0.129,NA,0.189,-0.479,-0.634
1895-02,-3.451,-1.439,-0.679,NA,-0.271,-0.724,-1.084
1895-03,0.4,-1.027,-0.518,NA,-0.124,-0.662,-0.787
1895-04,-0.416,-1.666,-0.979,NA,-0.1,-0.739,-0.605
1895-05,-2.526,-1.177,-1.919,NA,-0.567,-0.766,-0.811
1895-06,-0.426,-1.981,-2.196,NA,-0.707,-0.943,-0.816
1895-07,0.839,-0.719,-1.805,NA,-0.83,-0.599,-1.117
1895-08,0.586,0.436,-0.378,NA,-0.916,-0.474,-0.904
1895-09,-1.767,-0.089,-1.313,NA,-1.237,-0.706,-1.142
1895-10,0.642,-0.027,-0.578,NA,-1.108,-0.379,-0.932
1895-11,0.854,0.189,0.378,NA,-1.052,-0.291,-0.559
1895-12,0.056,0.765,0.502,NA,-0.792,-0.274,-0.539
1896-01,-2.106,-0.578,-0.439,NA,-1.333,-0.969,-0.747
1896-02,-1.525,-1.757,-1.054,NA,-1.166,-1.393,-0.913
1896-03,1.452,-1.194,-0.169,NA,-0.885,-0.979,-0.628
1896-04,-1.374,-0.653,-0.892,NA,-0.97,-1.314,-0.698
1896-05,-4.407,-0.828,-1.981,NA,-1.066,-1.872,-1.066
1896-06,-0.496,-3.032,-2.894,NA,-1.12,-2.03,-1.267
1896-07,-0.648,-2.159,-2.082,NA,-1.461,-2.039,-1.669
1896-08,-0.277,-0.959,-1.348,NA,-1.845,-1.739,-1.946
1896-09,1.465,0.453,-1.259,NA,-0.905,-1.331,-1.427
1896-10,0.098,0.635,-0.665,NA,-1.105,-1.114,-1.472
1896-11,-2.524,-0.164,-0.867,NA,-2.034,-1.409,-2.153
1896-12,0.756,-0.596,-0.215,NA,-1.73,-1.03,-1.84
1897-01,-0.96,-1.302,-0.385,NA,-1.415,-1.411,-1.846
1897-02,0.988,0.385,0.112,NA,-0.682,-1.257,-1.18
1897-03,0.896,0.394,-0.237,NA,-0.913,-0.795,-1.118
1897-04,1.162,1.751,0.155,NA,-0.324,-0.751,-0.847
1897-05,-0.646,0.838,0.694,NA,-0.07,-1.084,-0.739
1897-06,0.381,0.48,0.572,NA,0.134,-1.16,-0.678
1897-07,-0.766,-0.658,0.831,NA,0.109,-0.769,-0.969
1897-08,1.468,0.707,1.014,NA,0.666,-0.084,-0.762
1897-09,1.006,1.175,1.184,NA,0.505,-0.162,-0.268
1897-10,-1.698,0.482,-0.066,NA,0.026,-0.317,-0.724
1897-11,-1.03,-0.927,-0.295,NA,0.278,-0.26,-1.172
1897-12,0.588,-1.178,-0.102,NA,0.231,0.012,-1.061
1898-01,-1.87,-1.279,-0.489,NA,0.029,-0.265,-0.91
1898-02,0.036,-0.584,-1.09,NA,-0.304,-0.214,-0.641
1898-03,-1.46,-2.016,-2.207,NA,-0.854,-0.793,-1.099
1898-04,-0.618,-1.347,-1.851,NA,-1.227,-0.904,-1.004
1898-05,1.192,-0.411,-0.789,NA,-0.798,-0.246,-0.575
1898-06,0.107,0.34,-1.4,NA,-0.908,-0.502,-0.543
1898-07,-2.381,-0.239,-1.19,NA,-1.075,-0.509,-0.716
1898-08,0.516,-0.607,-0.808,NA,-1.55,-0.709,-0.582
1898-09,-1.11,-1.421,-0.851,NA,-2.332,-1.125,-1.102
1898-10,0.91,0.323,0.039,NA,-1.247,-0.96,-0.81
1898-11,-0.402,-0.138,-0.621,NA,-1.041,-1.049,-0.555
1898-12,0.153,0.357,-0.522,NA,-1.227,-1.051,-0.733
1899-01,1.076,0.468,0.468,NA,-0.25,-0.549,-0.174
1899-02,0.143,0.64,0.322,NA,-0.215,-0.906,-0.351
1899-03,-1.598,0.194,0.307,NA,-0.255,-1.386,-0.692
1899-04,0.775,-0.394,0.116,NA,0.064,-0.872,-0.744
1899-05,0.475,-0.171,0.419,NA,-0.134,-0.572,-0.617
1899-06,-0.483,0.261,0.258,NA,-0.277,-0.939,-0.831
1899-07,-1.935,-1.036,-1.14,NA,-0.226,-0.73,-0.964
1899-08,-0.273,-1.464,-1.255,NA,-0.476,-0.833,-1.433
1899-09,0.038,-1.198,-0.763,NA,-0.222,-0.585,-1.627
1899-10,0.096,-0.233,-0.961,NA,-0.561,-0.416,-1.205
1899-11,-0.552,-0.37,-1.361,NA,-0.59,-0.864,-1.174
1899-12,-0.254,-0.574,-1.195,NA,-0.731,-0.923,-1.45
1900-01,0.541,-0.271,-0.379,NA,-0.958,-0.463,-0.819
1900-02,1.004,0.565,0.124,NA,-0.624,-0.309,-0.549
1900-03,-1.439,0.392,-0.223,NA,-0.641,-0.317,-0.565
1900-04,-0.536,-0.256,-0.419,NA,-0.886,-0.668,-0.539
1900-05,-0.413,-1.647,-0.275,NA,-1.119,-0.643,-0.813
1900-06,0.707,-0.209,0.139,NA,-0.821,-0.6,-0.774
1900-07,-1.121,-0.438,-0.6,NA,-0.68,-1.099,-0.694
1900-08,0.293,-0.041,-1.058,NA,-0.565,-1.115,-0.77
1900-09,-0.898,-1.095,-1.043,NA,-0.833,-1.032,-0.717
1900-10,0.435,-0.106,-0.473,NA,-0.646,-0.955,-0.825
1900-11,0.014,-0.229,-0.316,NA,-0.463,-1.143,-0.783
1900-12,0.812,0.629,-0.13,NA,-0.05,-0.75,-0.609
1901-01,-0.123,0.289,0.075,NA,-0.303,-0.522,-0.856
1901-02,-1.143,-0.172,-0.34,NA,-0.943,-0.681,-1.006
1901-03,-0.342,-1.09,-0.228,NA,-0.793,-0.741,-0.896
1901-04,0.834,-0.641,-0.164,NA,-0.428,-0.597,-0.863
1901-05,-1.596,-0.568,-0.508,NA,-0.617,-0.674,-1.132
1901-06,0.553,0.031,-0.958,NA,-0.692,-0.557,-1.058
1901-07,-1.056,-1.015,-1.313,NA,-0.651,-0.845,-0.998
1901-08,0.006,-0.307,-0.671,NA,-0.784,-1.212,-0.983
1901-09,-0.083,-0.783,-0.643,NA,-0.613,-0.98,-0.975
1901-10,-0.32,-0.437,-1.137,NA,-0.877,-0.897,-1.028
1901-11,-2.04,-1.367,-1.446,NA,-1.376,-1.329,-1.305
1901-12,1.089,-0.457,-0.87,NA,-1.245,-1.082,-0.958
1902-01,-0.907,-0.807,-0.862,NA,-1.452,-1.092,-1.167
1902-02,-1.008,-0.308,-1.149,NA,-1.419,-1.354,-1.502
1902-03,0.538,-1.081,-1.095,NA,-1.258,-1.075,-1.27
1902-04,-0.996,-1.077,-1.314,NA,-1.587,-1.354,-1.29
1902-05,0.183,-0.214,-0.45,NA,-1.304,-1.322,-1.246
1902-06,0.86,0.069,-0.923,NA,-1.237,-1.564,-1.334
1902-07,-0.09,0.419,-0.444,NA,-0.986,-1.432,-1.213
1902-08,-0.1,0.242,-0.007,NA,-1.083,-1.273,-1.341
1902-09,-0.269,-0.504,-0.41,NA,-1.184,-1.251,-1.199
1902-10,-0.187,-0.5,-0.208,NA,-1.08,-1.361,-1.307
1902-11,-0.02,-0.422,-0.271,NA,-0.558,-1.267,-1.373
1902-12,-0.454,-0.592,-0.813,NA,-1.182,-1.479,-1.787
1903-01,0.396,-0.21,-0.509,NA,-0.704,-1.133,-1.445
1903-02,-0.276,-0.298,-0.557,NA,-0.532,-1.196,-1.236
1903-03,1.61,0.802,0.058,NA,-0.226,-0.806,-0.911
1903-04,-0.088,0.654,0.171,NA,-0.048,-0.725,-1.031
1903-05,0.432,1.148,0.311,NA,0.004,-0.289,-0.831
1903-06,-0.539,-0.359,0.429,NA,-0.374,-0.809,-1.112
1903-07,0.621,0.136,0.498,NA,-0.179,-0.381,-0.87
1903-08,0.96,0.518,1.064,NA,0.136,0.068,-0.681
1903-09,0.82,1.268,0.771,NA,0.469,0.158,-0.462
1903-10,2.167,2.265,2.097,NA,1.538,1.034,0.346
1903-11,-0.696,1.575,1.652,NA,1.324,0.934,0.515
1903-12,0.065,1.283,1.694,NA,1.51,0.744,0.29
1904-01,0.511,-0.165,1.51,NA,1.463,0.824,0.545
1904-02,1.17,0.796,1.551,NA,1.88,1.115,0.903
1904-03,-0.747,0.704,1.322,NA,1.425,1.064,0.75
1904-04,-0.327,0.304,-0.008,NA,1.327,1.114,0.811
1904-05,0.588,-0.436,0.445,NA,1.391,1.189,0.886
1904-06,-0.631,-0.43,0.297,NA,1.419,1.368,0.714
1904-07,1.386,0.708,0.696,NA,1.56,1.488,0.968
1904-08,0.264,0.518,0.097,NA,1.445,1.688,1.072
1904-09,-0.114,0.755,0.284,NA,1.23,1.285,1.074
1904-10,-0.741,-0.559,-0.034,NA,-0.069,1.024,0.934
1904-11,-0.551,-0.974,-0.486,NA,-0.034,0.907,0.845
1904-12,-0.501,-1.276,-0.472,NA,-0.202,0.857,0.916
1905-01,-1.386,-1.669,-1.486,NA,-0.783,0.402,0.499
1905-02,-0.601,-1.484,-1.754,NA,-1.414,0.056,0.428
1905-03,1.473,-0.476,-1.309,NA,-0.854,0.177,0.402
1905-04,0.222,0.513,-0.972,NA,-0.677,-0.575,0.444
1905-05,-2.95,0.097,-1.219,NA,-1.222,-0.702,0.181
1905-06,0.305,-0.94,-1.085,NA,-1.026,-0.746,0.318
1905-07,-0.979,-1.525,-0.723,NA,-1.632,-1.007,0.067
1905-08,1.208,0.398,0.309,NA,-1.359,-1.092,0.135
1905-09,-0.872,-0.213,-0.842,NA,-1.622,-1.121,-0.174
1905-10,-0.457,-0.106,-1.118,NA,-1.456,-1.09,-1
1905-11,0.08,-0.785,-0.438,NA,-1.213,-1.297,-0.892
1905-12,-1.789,-1.358,-1.2,NA,-1.564,-1.534,-1.285
1906-01,1.109,-0.16,-0.224,NA,-0.616,-1.429,-0.954
1906-02,0.719,0.214,-0.396,NA,-0.21,-1.283,-1.02
1906-03,-0.147,1.04,-0.242,NA,-0.699,-1.28,-0.968
1906-04,-0.769,-0.062,-0.219,NA,-0.839,-1.206,-0.994
1906-05,0.858,-0.105,0.063,NA,-0.286,-0.907,-0.977
1906-06,-0.394,-0.305,0.682,NA,-0.473,-0.969,-1.044
1906-07,-1.074,-0.408,-0.435,NA,-0.466,-0.742,-1.515
1906-08,0.266,-0.717,-0.688,NA,-0.846,-0.569,-1.572
1906-09,-1.653,-1.457,-1.37,NA,-1.028,-1.221,-1.753
1906-10,0.691,-0.142,-0.486,NA,-0.512,-0.925,-1.301
1906-11,0.163,-0.165,-0.716,NA,-0.474,-0.668,-1.206
1906-12,-0.378,0.175,-0.696,NA,-0.118,-0.808,-1.222
1907-01,-1.086,-0.968,-0.762,NA,-0.903,-0.885,-1.032
1907-02,-0.587,-1.258,-1.028,NA,-1.329,-1.326,-0.97
1907-03,-1.249,-1.957,-1.052,NA,-1.633,-1.347,-1.431
1907-04,1.392,-0.305,-0.997,NA,-0.98,-0.923,-1.187
1907-05,0.7,0.588,-0.75,NA,-1.056,-0.81,-0.876
1907-06,1.014,1.739,-0.173,NA,-0.664,-0.247,-0.805
1907-07,-0.303,0.703,0.288,NA,-0.494,-0.641,-0.736
1907-08,0.486,0.584,0.759,NA,-0.46,-0.762,-0.952
1907-09,-1.885,-0.942,0.577,NA,-0.514,-1.039,-1.034
1907-10,0.859,0.068,0.457,NA,-0.4,-0.553,-0.635
1907-11,-0.834,-0.596,-0.144,NA,-0.683,-0.992,-0.852
1907-12,0.633,0.434,-0.222,NA,-0.302,-0.684,-0.36
1908-01,-0.907,-0.716,-0.46,NA,-0.261,-0.722,-0.792
1908-02,-0.064,-0.26,-0.641,NA,-0.126,-0.797,-0.914
1908-03,0.583,-0.524,-0.071,NA,0.233,-0.43,-0.823
1908-04,0.113,0.136,-0.534,NA,-0.087,-0.608,-0.697
1908-05,-0.343,0.066,-0.262,NA,-0.329,-0.705,-0.904
1908-06,-0.913,-0.946,-1.132,NA,-0.859,-0.855,-1.065
1908-07,0.182,-0.739,-0.524,NA,-0.706,-0.484,-0.905
1908-08,0.831,0.061,0.017,NA,-0.631,-0.149,-0.805
1908-09,-0.21,0.332,-0.379,NA,-0.328,-0.006,-0.583
1908-10,-1.342,-0.533,-1.048,NA,-1.095,-0.578,-1.003
1908-11,-1.511,-1.865,-1.519,NA,-1.229,-1.112,-1.364
1908-12,-0.188,-1.897,-1.182,NA,-1.578,-1.389,-1.371
1909-01,-0.943,-1.724,-1.5,NA,-1.53,-1.511,-1.186
1909-02,-2.073,-1.573,-2.416,NA,-1.954,-1.956,-1.274
1909-03,1.234,-0.971,-2.08,NA,-1.821,-1.37,-0.926
1909-04,0.653,0,-1.361,NA,-1.563,-1.541,-1.044
1909-05,-0.473,0.814,-0.829,NA,-1.634,-1.424,-1.253
1909-06,-0.04,-0.109,-0.964,NA,-1.49,-1.863,-1.615
1909-07,0.158,-0.362,-0.355,NA,-1.43,-1.452,-1.557
1909-08,-0.518,-0.416,0.157,NA,-1.979,-1.624,-1.826
1909-09,-0.361,-0.665,-0.655,NA,-2.107,-1.823,-1.57
1909-10,1.362,0.502,0.127,NA,-0.872,-1.164,-1.314
1909-11,-1.767,-0.006,-0.378,NA,-0.902,-1.596,-1.516
1909-12,0.625,0.524,-0.005,NA,-0.583,-1.178,-1.581
1910-01,0.57,-0.155,0.19,NA,-0.082,-0.998,-1.059
1910-02,1.315,1.19,0.829,NA,0.75,-0.804,-0.665
1910-03,-2.352,0.481,0.614,NA,0.099,-1.042,-1.017
1910-04,0.128,0.172,-0.078,NA,-0.009,-0.714,-0.99
1910-05,0.388,-0.961,0.61,NA,0.161,-0.358,-0.917
1910-06,0.381,0.33,0.551,NA,0.272,-0.263,-0.809
1910-07,0.408,0.462,0.406,NA,0.32,0.078,-0.787
1910-08,1.117,0.918,0.176,NA,0.799,0.702,-0.74
1910-09,-3.437,-0.246,-0.035,NA,0.446,0.035,-1.017
1910-10,0.754,0.165,0.367,NA,0.149,0.142,-0.498
1910-11,0.913,0.09,0.656,NA,0.836,0.462,-0.06
1910-12,0.63,1.199,0.778,NA,0.867,0.638,0.175
1911-01,-1.537,0.055,0.094,NA,0.243,0.256,0.078
1911-02,0.035,-0.45,-0.319,NA,-0.226,0.337,0.315
1911-03,-0.639,-1.47,0.065,NA,-0.013,0.313,0.033
1911-04,0.217,-0.456,-0.264,NA,0.023,-0.063,-0.022
1911-05,-1.037,-1.021,-0.977,NA,-0.247,0.105,-0.083
1911-06,0.627,-0.141,-1.379,NA,-0.182,0.076,0.025
1911-07,-2.747,-1.269,-1.35,NA,-0.652,-0.384,-0.276
1911-08,-0.298,-0.866,-1.4,NA,-1.179,-0.906,-0.25
1911-09,-0.154,-1.566,-1.321,NA,-0.732,-0.613,-0.203
1911-10,0.003,-0.408,-1.264,NA,-1.027,-0.579,-0.593
1911-11,0.647,0.139,-0.528,NA,-1.11,-0.535,-0.189
1911-12,1.626,1.281,0.235,NA,-0.612,-0.038,0.156
1912-01,-0.065,1.282,0.592,NA,-0.213,-0.155,-0.006
1912-02,-0.094,0.786,0.602,NA,-0.248,-0.454,-0.323
1912-03,1.925,0.796,1.377,NA,0.432,0.32,0.239
1912-04,-2.962,0.261,1.146,NA,0.059,-0.128,0.021
1912-05,-0.58,0.111,0.684,NA,0.125,-0.459,-0.106
1912-06,2.093,0.557,0.97,NA,0.699,-0.059,0.321
1912-07,0.362,1.349,1.208,NA,1.08,0.356,0.296
1912-08,2.809,3.041,2.712,NA,2.223,1.289,0.851
1912-09,-1.794,1.613,1.597,NA,2.037,1.097,0.916
1912-10,0.568,1.49,2.107,NA,2.172,1.117,0.834
1912-11,-0.788,-0.81,1.885,NA,1.743,1.174,0.497
1912-12,0.976,0.477,1.319,NA,1.518,1.294,0.656
1913-01,1,0.786,1.463,NA,1.784,1.713,1.07
1913-02,-1.137,0.613,-0.093,NA,1.585,1.557,0.86
1913-03,1.456,0.83,0.809,NA,1.498,1.849,1.175
1913-04,1.548,1.092,1.204,NA,2.055,2.183,1.372
1913-05,0.368,1.929,1.48,NA,2.259,2.063,1.552
1913-06,-0.067,0.983,1.274,NA,1.672,1.84,1.572
1913-07,-2.1,-0.896,0.139,NA,1.247,1.533,1.587
1913-08,-1.107,-1.768,0.206,NA,-0.028,1.468,1.546
1913-09,-0.743,-2.44,-0.906,NA,0.144,0.866,1.428
1913-10,-0.124,-1.147,-1.686,NA,-0.116,0.999,1.348
1913-11,0.681,-0.15,-1.315,NA,0.319,1.321,1.374
1913-12,-0.2,0.024,-1.268,NA,-0.105,0.682,0.986
1914-01,-1.28,-0.579,-1.157,NA,-0.882,0.299,0.678
1914-02,0.666,-0.506,-0.522,NA,-0.376,-0.405,0.787
1914-03,2.317,0.922,0.555,NA,-0.076,0.385,0.883
1914-04,-0.232,1.794,0.659,NA,-0.512,0.226,1.048
1914-05,-0.31,1.319,0.254,NA,-0.68,0.326,1.1
1914-06,-0.094,-0.647,0.385,NA,-0.712,0.042,0.694
1914-07,1.058,0.284,1.47,NA,-0.062,-0.027,0.809
1914-08,0.678,0.76,1.36,NA,0.369,0.368,0.189
1914-09,-0.147,0.774,0.176,NA,0.517,-0.011,0.394
1914-10,-0.578,-0.229,-0.088,NA,0.375,-0.475,0.122
1914-11,0.232,-0.444,0.113,NA,0.211,-0.538,0.298
1914-12,1.462,0.654,0.914,NA,0.877,-0.014,0.503
1915-01,0.154,1.054,0.53,NA,1.179,0.241,0.235
1915-02,1.532,1.584,0.907,NA,1.499,0.818,0.729
1915-03,-1.915,0.459,0.697,NA,0.603,0.723,0.308
1915-04,-0.65,0.173,0.907,NA,0.521,0.712,-0.009
1915-05,0.027,-1.613,0.776,NA,0.592,0.538,-0.062
1915-06,-0.561,-0.983,-0.239,NA,0.516,0.575,-0.148
1915-07,1.051,0.211,0.207,NA,0.491,1.043,0.251
1915-08,-0.236,0.046,-0.961,NA,0.256,0.885,0.384
1915-09,-0.975,-0.193,-0.85,NA,0.074,0.109,0.349
1915-10,-0.015,-0.762,-0.571,NA,0.268,0.129,0.366
1915-11,-0.857,-1.059,-0.929,NA,-0.045,-0.013,0.051
1915-12,1.804,0.735,0.421,NA,0.147,0.614,0.676
1916-01,-0.756,0.375,-0.259,NA,-0.149,0.176,0.679
1916-02,1.641,1.521,0.54,NA,-0.093,0.49,0.891
1916-03,0.179,0.7,0.91,NA,0.25,0.55,0.503
1916-04,-0.631,1.138,0.914,NA,0.256,0.639,0.464
1916-05,-0.086,-0.485,1.124,NA,0.236,0.558,0.499
1916-06,0.424,-0.323,0.354,NA,0.468,0.236,0.624
1916-07,-1.047,-0.47,0.446,NA,-0.015,0.042,0.283
1916-08,0.673,0.051,-0.327,NA,0.24,-0.291,0.294
1916-09,-0.198,-0.346,-0.557,NA,0.417,-0.07,0.283
1916-10,1.087,0.859,0.4,NA,0.868,0.365,0.688
1916-11,0.361,0.701,0.561,NA,1.153,0.469,0.715
1916-12,-0.165,0.698,0.308,NA,0.401,0.511,0.33
1917-01,-1.649,-0.937,-0.01,NA,0.181,-0.069,-0.006
1917-02,-1.17,-1.624,-0.575,NA,-0.737,-0.238,-0.54
1917-03,-0.074,-2.011,-0.624,NA,-0.845,-0.083,-0.366
1917-04,0.068,-1.047,-1.405,NA,-0.649,-0.041,-0.268
1917-05,-0.375,-0.433,-1.645,NA,-0.728,0.067,-0.33
1917-06,1.098,0.478,-1.284,NA,-0.518,-0.302,-0.058
1917-07,-0.208,0.296,-0.534,NA,-0.34,-0.114,-0.307
1917-08,1.888,1.601,1.077,NA,0.129,-0.093,0.206
1917-09,-0.241,1.005,1.043,NA,0.119,-0.185,0.312
1917-10,1.35,1.733,1.671,NA,0.266,0.36,0.687
1917-11,-0.738,0.395,1.429,NA,-0.06,0.23,0.705
1917-12,-2.251,-0.446,0.263,NA,-0.54,-0.279,-0.146
1918-01,0.452,-1.379,0.46,NA,0.057,-0.014,0.128
1918-02,0.023,-0.799,-0.33,NA,0.321,-0.168,-0.27
1918-03,-0.893,-0.219,-0.548,NA,0.167,-0.256,-0.419
1918-04,-0.099,-0.791,-1.608,NA,0.142,-0.607,-0.343
1918-05,-0.969,-1.374,-1.462,NA,0.047,-0.837,-0.455
1918-06,-0.616,-1.284,-1.047,NA,-0.431,-1.022,-0.678
1918-07,1.253,-0.069,-0.681,NA,-0.015,-0.281,-0.306
1918-08,0.37,0.495,-0.426,NA,-0.629,0.032,-0.386
1918-09,2.492,2.506,1.479,NA,0.469,0.828,0.347
1918-10,-0.725,1.254,1.006,NA,-0.369,0.582,-0.109
1918-11,-0.507,0.851,0.988,NA,-0.302,0.564,-0.31
1918-12,1.025,-0.134,1.543,NA,0.636,0.603,0.029
1919-01,0.588,0.643,1.209,NA,0.641,0.733,0.437
1919-02,0.39,0.933,1.16,NA,0.747,0.321,0.644
1919-03,1.33,1.12,0.589,NA,1.264,0.627,0.871
1919-04,0.174,1.021,1.05,NA,1.263,0.266,0.881
1919-05,-1.121,0.357,0.933,NA,1.273,0.261,0.832
1919-06,-0.833,-1.285,0.258,NA,1.279,0.6,0.577
1919-07,-0.932,-1.815,-0.444,NA,0.75,0.316,0.472
1919-08,0.168,-0.941,-0.527,NA,0.732,0.372,0.051
1919-09,-0.55,-0.914,-1.635,NA,-0.42,0.391,0.006
1919-10,-1.139,-1.062,-2.199,NA,-0.501,0.127,-0.608
1919-11,-0.233,-1.225,-1.801,NA,-0.412,0.206,-0.551
1919-12,1.482,0.197,-0.407,NA,-0.18,0.774,0.274
1920-01,1.193,1.52,0.431,NA,0.077,0.8,0.449
1920-02,-0.82,1.138,0.127,NA,-0.242,0.563,0.304
1920-03,0.808,0.743,0.552,NA,-0.43,0.003,0.53
1920-04,1.709,0.906,1.689,NA,0.033,0.546,0.816
1920-05,0.028,1.468,1.667,NA,0.221,0.637,0.937
1920-06,0.442,1.234,1.368,NA,0.504,0.503,1.171
1920-07,1.793,1.231,1.531,NA,1.138,0.745,1.279
1920-08,-0.62,0.859,1.533,NA,1.022,0.577,1.166
1920-09,0.132,0.753,1.345,NA,1.221,0.295,0.52
1920-10,0.103,-0.326,0.551,NA,1.529,0.267,0.672
1920-11,-1.093,-0.563,0.102,NA,1.287,0.2,0.579
1920-12,-0.015,-0.672,-0.066,NA,0.753,0.326,0.361
1921-01,0.377,-0.5,-0.59,NA,0.377,0.512,0.272
1921-02,-2.953,-0.738,-0.963,NA,0.143,0.135,-0.087
1921-03,0.429,-0.688,-1.016,NA,0.035,0.31,-0.258
1921-04,-1.274,-2.043,-1.538,NA,-0.621,0.433,-0.398
1921-05,-0.436,-0.784,-1.115,NA,-0.737,0.407,-0.345
1921-06,-2.287,-2.497,-2.132,NA,-1.252,-0.322,-0.494
1921-07,-0.853,-1.94,-3.037,NA,-2.017,-0.837,-0.504
1921-08,0.163,-1.344,-1.604,NA,-1.908,-0.65,-0.523
1921-09,-0.756,-1.002,-2.414,NA,-2.262,-0.983,-0.535
1921-10,-1.524,-1.362,-2.554,NA,-2.756,-1.638,-0.56
1921-11,-0.71,-1.821,-2.593,NA,-2.561,-1.979,-0.687
1921-12,-0.47,-1.764,-2.007,NA,-2.779,-2.155,-1.285
1922-01,0.082,-0.829,-1.459,NA,-2.805,-2.528,-1.459
1922-02,0.882,0.133,-1.037,NA,-1.855,-2.103,-1.035
1922-03,0.625,0.742,-0.715,NA,-1.886,-1.993,-1.095
1922-04,1.071,1.456,0.254,NA,-1.237,-1.809,-1.206
1922-05,-0.803,0.526,0.315,NA,-1.341,-1.683,-1.348
1922-06,-0.452,-0.189,0.47,NA,-1.136,-2.017,-1.648
1922-07,0.527,-0.488,0.692,NA,-0.765,-1.882,-1.994
1922-08,0.523,0.205,0.422,NA,-0.7,-1.388,-1.831
1922-09,0.114,0.489,0.203,NA,-0.498,-1.434,-1.781
1922-10,-1.478,-0.624,-0.96,NA,-0.457,-1.467,-2.031
1922-11,-1.625,-1.772,-1.329,NA,-0.655,-1.891,-2.194
1922-12,0.892,-1.081,-0.53,NA,-0.136,-1.232,-2.009
1923-01,-0.543,-0.639,-0.875,NA,-0.342,-1.189,-2.002
1923-02,2.018,1.302,0.011,NA,0.195,-0.543,-0.998
1923-03,-1.265,0.674,-0.353,NA,-0.2,-0.583,-1.251
1923-04,0.542,1.491,0.408,NA,-0.313,-0.153,-1.003
1923-05,0.225,-0.385,0.951,NA,-0.13,0.023,-0.944
1923-06,-1.282,-0.422,0.273,NA,-0.273,-0.041,-0.976
1923-07,0.351,-0.444,0.748,NA,-0.307,0.029,-0.811
1923-08,0.276,-0.352,-0.593,NA,-0.411,-0.159,-0.818
1923-09,0.513,0.483,0.057,NA,-0.301,-0.168,-0.556
1923-10,1.085,0.979,0.53,NA,0.594,-0.01,0.056
1923-11,-0.099,0.787,0.387,NA,0.91,0.069,0.149
1923-12,0.252,0.693,0.769,NA,0.703,0.22,0.354
1924-01,0.344,0.135,0.704,NA,0.92,0.175,0.378
1924-02,-1.362,-0.322,0.257,NA,-0.161,-0.173,-0.003
1924-03,-0.885,-1.017,-0.137,NA,-0.119,-0.322,-0.214
1924-04,0.806,-1.078,-0.517,NA,-0.03,0.149,-0.248
1924-05,0.796,0.361,-0.155,NA,0.105,0.562,-0.046
1924-06,-0.059,0.719,-0.39,NA,0.32,0.355,-0.002
1924-07,1.004,0.802,-0.098,NA,0.481,0.695,0.076
1924-08,1.563,1.325,1.247,NA,0.943,0.48,0.347
1924-09,1.382,2.234,2.223,NA,1.28,1.008,0.633
1924-10,0.592,1.761,1.998,NA,1.042,0.991,1.007
1924-11,-0.54,0.735,1.485,NA,0.894,0.91,1.167
1924-12,0.519,0.283,1.614,NA,1.018,1.196,1.164
1925-01,-0.128,-0.216,1.085,NA,0.806,1.015,1.111
1925-02,1.341,0.811,0.997,NA,1.508,1.283,0.857
1925-03,-2.21,0.032,0.15,NA,1.41,0.951,0.801
1925-04,0.608,0.512,0.078,NA,1.308,0.777,0.809
1925-05,1.604,0.418,0.853,NA,1.551,1.084,1.054
1925-06,-4.394,0.318,0.157,NA,1.282,0.879,1.054
1925-07,0.663,0.358,0.563,NA,1.136,0.881,1.092
1925-08,0.536,-0.299,-0.03,NA,0.842,1.291,1.187
1925-09,0.635,0.898,0.855,NA,0.595,1.527,1.186
1925-10,0.384,0.673,0.735,NA,0.506,1.357,0.951
1925-11,-0.73,0.069,-0.234,NA,0.44,1.17,0.85
1925-12,0.075,-0.244,0.331,NA,0.304,1.172,0.887
1926-01,0.887,0.12,0.479,NA,0.638,1.132,0.925
1926-02,0.02,0.422,0.286,NA,0.17,0.745,1.05
1926-03,-2.393,-0.235,-0.41,NA,0.149,0.159,0.955
1926-04,-0.388,-1.581,-0.771,NA,-0.048,-0.039,0.798
1926-05,-0.328,-1.898,-0.512,NA,-0.565,0.017,0.664
1926-06,0.135,-0.574,-0.646,NA,-0.162,-0.108,0.747
1926-07,-0.523,-0.566,-1.62,NA,-0.434,-0.134,0.48
1926-08,-0.02,-0.382,-1.5,NA,-0.639,-0.581,0.126
1926-09,-0.492,-0.821,-1.096,NA,-1.024,-0.381,-0.278
1926-10,-0.454,-0.743,-1.116,NA,-1.31,-0.575,-0.516
1926-11,1.677,0.445,0.052,NA,-0.38,-0.479,-0.012
1926-12,-3.061,-0.46,-0.894,NA,-1.079,-0.667,-0.58
1927-01,0.894,0.439,-0.203,NA,-1.04,-0.514,-0.25
1927-02,0.173,-0.55,-0.135,NA,-0.986,-0.599,-0.516
1927-03,0.824,0.959,0.258,NA,-0.42,-0.577,-0.181
1927-04,-0.193,0.324,0.483,NA,-0.345,-0.708,-0.279
1927-05,-1.274,-0.326,-0.715,NA,-0.508,-0.719,-0.714
1927-06,0.535,-0.57,0.461,NA,-0.41,-0.709,-0.423
1927-07,1.165,0.398,0.461,NA,0.037,-0.666,-0.334
1927-08,0.982,1.296,0.849,NA,0.346,-0.429,-0.237
1927-09,1.841,2.27,1.574,NA,1.138,0.425,0.104
1927-10,-0.746,1.065,1.111,NA,1.038,0.271,-0.142
1927-11,-0.105,0.514,1.284,NA,0.385,0.307,-0.051
1927-12,-0.628,-1.087,0.787,NA,0.823,0.129,-0.183
1928-01,1.452,0.511,0.995,NA,1.009,0.625,0.017
1928-02,0.667,0.81,0.854,NA,1.157,0.766,0.15
1928-03,0.7,1.622,0.377,NA,1.165,0.973,0.471
1928-04,-0.642,0.46,0.618,NA,1.051,1.043,0.448
1928-05,-1.299,-0.681,0.352,NA,1.071,0.429,0.365
1928-06,0.346,-1.014,0.891,NA,1.053,1.068,0.427
1928-07,-0.266,-0.68,-0.232,NA,0.664,0.717,0.445
1928-08,0.126,-0.048,-0.526,NA,0.432,0.749,0.489
1928-09,-0.993,-0.85,-1.41,NA,-0.5,0.384,0.415
1928-10,1.025,0.255,-0.294,NA,0.218,0.685,0.769
1928-11,0.734,0.592,0.398,NA,0.474,1.077,0.523
1928-12,0.462,1.19,0.472,NA,0.84,1.068,1.122
1929-01,-1.611,-0.218,-0.02,NA,-0.192,0.457,0.533
1929-02,-0.852,-1.012,-0.314,NA,-0.628,0.066,0.352
1929-03,-2.794,-3.107,-0.616,NA,-1.302,-0.732,-0.016
1929-04,-1.514,-3.31,-1.791,NA,-1.346,-0.725,-0.128
1929-05,0.833,-1.611,-1.768,NA,-0.925,-0.544,0.123
1929-06,0.319,-0.119,-2.492,NA,-0.967,-0.374,0.083
1929-07,-0.123,0.395,-1.648,NA,-0.891,-0.878,-0.176
1929-08,0.491,0.227,-0.794,NA,-0.832,-0.994,-0.301
1929-09,-1.922,-0.844,-0.795,NA,-1.026,-1.469,-1.024
1929-10,1.229,0.381,0.505,NA,-0.862,-0.798,-0.445
1929-11,2.621,1.752,1.638,NA,0.04,0.216,0.29
1929-12,1.879,3.252,2.329,NA,0.697,0.772,1.033
1930-01,1.019,3.217,2.439,NA,1.378,1.029,0.792
1930-02,-1.007,1.249,1.981,NA,1.35,0.816,0.484
1930-03,-0.272,0.011,2.545,NA,1.694,0.931,0.346
1930-04,0.444,-0.824,2.405,NA,1.895,0.749,0.48
1930-05,-0.045,-0.122,1.011,NA,1.764,0.551,0.611
1930-06,-1.112,-0.607,-0.444,NA,1.566,0.326,0.463
1930-07,0.323,-0.56,-1.102,NA,1.586,0.709,0.537
1930-08,0.993,0.195,0.01,NA,1.823,1.165,0.745
1930-09,1.172,1.379,0.736,NA,2.542,1.71,1.122
1930-10,0.892,1.523,0.999,NA,2.333,1.95,1.043
1930-11,0.728,1.381,1.272,NA,1.543,2.135,1.051
1930-12,0.458,1.09,1.616,NA,0.993,2.138,1.142
1931-01,-0.044,0.502,1.316,NA,0.549,2.002,1.254
1931-02,0.379,0.257,1.058,NA,0.876,1.954,1.37
1931-03,-1.036,-0.415,0.515,NA,0.772,2.057,1.499
1931-04,0.65,-0.058,0.323,NA,0.794,1.882,1.696
1931-05,0.771,0.169,0.238,NA,0.986,1.252,1.729
1931-06,0.93,1.265,0.473,NA,1.451,1.006,1.994
1931-07,1.609,1.7,1.324,NA,1.724,1.019,2.282
1931-08,1.138,1.836,1.599,NA,1.867,1.544,2.506
1931-09,-0.439,1.317,1.801,NA,1.484,1.469,2.591
1931-10,-1.986,-0.654,0.703,NA,0.651,0.935,1.911
1931-11,1.429,-0.305,1.108,NA,0.884,1.397,1.6
1931-12,-1.086,-0.718,0.299,NA,0.464,1.291,0.979
1932-01,0.471,0.489,-0.116,NA,0.601,1.258,0.73
1932-02,-4.614,-1.352,-1.19,NA,0.025,0.682,0.548
1932-03,-0.283,-1.092,-1.303,NA,0.152,0.373,0.55
1932-04,0.519,-1.59,-0.443,NA,0.129,0.228,0.563
1932-05,0.822,0.475,-0.889,NA,0.142,0.185,0.698
1932-06,-0.652,0.244,-0.804,NA,-0.273,-0.039,0.8
1932-07,0.78,0.419,-0.749,NA,-0.538,0.16,0.865
1932-08,-0.978,-0.534,-0.161,NA,-1.221,-0.105,0.547
1932-09,1.297,0.712,0.657,NA,-0.646,0.404,0.57
1932-10,1.967,1.67,1.683,NA,0.849,0.933,0.918
1932-11,-0.801,1.611,1.073,NA,0.115,0.69,0.628
1932-12,-0.795,0.654,0.876,NA,0.205,0.287,0.415
1933-01,-0.57,-1.539,0.329,NA,-0.16,-0.248,0.271
1933-02,0.392,-0.677,0.663,NA,0.432,-0.437,0.262
1933-03,0.393,-0.127,0.335,NA,0.589,-0.279,0.435
1933-04,-0.56,0.047,-1.199,NA,0.369,0.034,0.287
1933-05,0.023,-0.229,-0.771,NA,0.189,-0.365,0.18
1933-06,-0.372,-0.815,-0.693,NA,0.245,-0.216,-0.053
1933-07,0.057,-0.365,-0.323,NA,0.052,-0.313,-0.395
1933-08,-0.87,-0.836,-0.86,NA,0.068,-0.064,-0.821
1933-09,-0.889,-1.24,-1.58,NA,-0.624,-0.188,-0.862
1933-10,0.437,-0.65,-0.897,NA,-1.472,-0.137,-0.369
1933-11,-2.665,-1.355,-1.836,NA,-1.824,-0.799,-1.167
1933-12,-1.794,-1.983,-2.321,NA,-2.109,-1.039,-1.322
1934-01,0.087,-2.424,-1.996,NA,-1.78,-1.148,-1.267
1934-02,-2.707,-1.895,-2.294,NA,-2.456,-1.332,-1.159
1934-03,-0.079,-1.211,-2.306,NA,-2.724,-1.701,-1.159
1934-04,0.475,-1.297,-2.716,NA,-2.3,-2.469,-1.14
1934-05,-0.316,-0.134,-1.664,NA,-2.449,-2.319,-1.355
1934-06,-0.046,-0.159,-1.19,NA,-2.439,-2.418,-1.397
1934-07,-1.836,-1.246,-1.97,NA,-2.727,-2.378,-1.804
1934-08,0.828,-0.332,-0.418,NA,-2.305,-2.367,-1.503
1934-09,0.341,-0.105,-0.259,NA,-2.007,-2.324,-1.716
1934-10,-0.076,0.395,-0.477,NA,-2.166,-2.038,-2.382
1934-11,-1.319,-0.663,-0.891,NA,-1.84,-2.554,-2.565
1934-12,2.169,0.859,0.569,NA,-0.243,-1.474,-1.672
1935-01,-2.116,0.068,0.257,NA,-0.789,-1.855,-1.71
1935-02,0.782,0.937,0.253,NA,-0.071,-1.454,-1.515
1935-03,-1.433,-1.376,-0.182,NA,-0.333,-1.495,-1.798
1935-04,1.766,0.971,0.578,NA,0.073,-1.226,-1.352
1935-05,-0.321,0.255,0.89,NA,0.07,-0.827,-1.441
1935-06,0.942,1.47,-0.042,NA,0.356,-0.288,-1.313
1935-07,-1.745,-0.398,0.361,NA,0.349,-0.515,-1.563
1935-08,-0.075,-0.269,-0.116,NA,0.092,-0.168,-1.485
1935-09,1.257,0.028,0.991,NA,0.422,0.186,-0.978
1935-10,0.985,1.162,0.731,NA,0.846,0.389,-0.759
1935-11,0.837,1.541,1.15,NA,1.372,0.679,-0.215
1935-12,0.098,1.019,0.773,NA,0.53,0.699,0.152
1936-01,0.407,0.625,1.133,NA,1.074,0.948,0.214
1936-02,-0.016,0.114,1.082,NA,0.832,0.749,0.462
1936-03,-0.117,0.031,0.713,NA,1.071,0.667,0.459
1936-04,0.294,-0.163,0.369,NA,0.654,0.775,0.437
1936-05,-1.815,-0.916,-0.409,NA,0.474,0.8,0.319
1936-06,0.066,-0.836,-0.561,NA,0.232,0.127,0.357
1936-07,2.57,1.145,0.763,NA,1.279,1.192,1.107
1936-08,-1.861,0.923,0.203,NA,1.053,0.789,0.757
1936-09,0.13,1.021,0.291,NA,0.716,0.991,0.703
1936-10,-0.997,-1.512,-0.341,NA,0.006,0.339,0.51
1936-11,0.477,-0.36,0.308,NA,-0.128,0.526,0.821
1936-12,0.239,-0.295,0.378,NA,-0.063,0.368,0.276
1937-01,1.133,1.006,-0.181,NA,0.226,0.857,0.841
1937-02,1.824,1.63,0.991,NA,0.918,1.357,1.069
1937-03,0.91,2.258,1.342,NA,1.186,1.241,1.359
1937-04,0.914,2.371,2.163,NA,1.275,1.168,1.201
1937-05,-0.122,0.905,1.827,NA,1.514,0.933,1.251
1937-06,-0.751,-0.128,1.952,NA,1.412,0.921,1.089
1937-07,-0.127,-0.747,1.308,NA,0.543,0.753,1.239
1937-08,-1.309,-1.36,-0.388,NA,0.639,0.591,1.125
1937-09,0.282,-0.772,-0.749,NA,0.703,0.654,0.884
1937-10,-0.473,-0.894,-1.369,NA,0.831,0.436,0.5
1937-11,-1.401,-0.995,-1.88,NA,0.324,0.397,0.073
1937-12,-0.366,-1.454,-1.632,NA,0.147,0.289,-0.001
1938-01,0.857,-0.454,-0.919,NA,0.003,-0.161,0.123
1938-02,-0.897,-0.172,-0.822,NA,-0.98,-0.081,-0.01
1938-03,-2.828,-0.851,-1.69,NA,-1.768,-0.403,-0.249
1938-04,-3.046,-4.012,-2.256,NA,-2.333,-0.426,-0.494
1938-05,0.362,-2.597,-1.37,NA,-2.265,-0.487,-0.286
1938-06,-0.039,-1.129,-1.537,NA,-2.16,-0.635,-0.34
1938-07,0.515,0.272,-2.071,NA,-1.876,-0.859,-0.894
1938-08,1.675,1.173,-0.295,NA,-0.989,-1.052,-0.249
1938-09,-1.202,0.778,-0.082,NA,-1.432,-1.492,-0.444
1938-10,0.798,0.923,0.903,NA,-0.826,-1.273,-0.005
1938-11,1.209,0.655,1.305,NA,0.001,-0.987,0.16
1938-12,0.162,1.14,1.292,NA,0.19,-0.773,0.179
1939-01,1.076,1.346,1.434,NA,0.261,-0.392,0.146
1939-02,-0.258,0.479,0.706,NA,0.399,-0.252,-0.36
1939-03,-1.194,0.074,0.833,NA,0.575,-0.476,-0.668
1939-04,0.451,-0.805,0.682,NA,0.961,-0.26,-0.726
1939-05,-1.447,-1.329,-0.236,NA,0.698,-0.177,-0.888
1939-06,0.161,-0.522,-0.336,NA,0.765,-0.063,-0.84
1939-07,2.065,0.835,0.094,NA,1.2,0.22,-0.369
1939-08,0.218,1.271,0.333,NA,0.776,0.47,-0.147
1939-09,-1.849,0.61,0.105,NA,0.712,0.494,-0.438
1939-10,-0.273,-0.98,-0.243,NA,0.296,0.633,-0.37
1939-11,2.302,0.647,1.372,NA,0.757,1.314,0.463
1939-12,-0.798,0.823,0.945,NA,0.505,1.118,0.435
1940-01,-0.613,0.682,-0.157,NA,-0.129,0.807,0.06
1940-02,0.536,-0.608,-0.025,NA,0.113,0.501,0.295
1940-03,-0.111,-0.297,0.368,NA,0.302,0.668,0.517
1940-04,0.717,0.554,0.81,NA,0.365,0.602,0.818
1940-05,-0.885,-0.251,-0.724,NA,0.44,0.162,0.695
1940-06,-1.369,-0.968,-0.939,NA,0.176,-0.062,0.6
1940-07,1.546,-0.058,0.28,NA,-0.027,-0.018,0.797
1940-08,-2.909,-0.696,-0.771,NA,-0.547,-0.315,0.137
1940-09,-0.449,-0.415,-1.027,NA,-0.31,-0.222,0.238
1940-10,-0.02,-1.373,-1.248,NA,-0.195,-0.287,0.02
1940-11,2.029,0.931,0.323,NA,-0.332,0.505,0.246
1940-12,-0.31,0.958,0.488,NA,-0.179,0.389,0.179
1941-01,-0.224,0.876,-0.213,NA,-0.072,-0.205,-0.162
1941-02,0.815,0.005,0.572,NA,0.032,-0.049,0.064
1941-03,0.703,0.545,0.978,NA,0.223,0.338,0.301
1941-04,-1.266,0.385,0.873,NA,-0.132,0.288,0.121
1941-05,-0.034,-0.324,-0.231,NA,0.009,-0.426,0.258
1941-06,-0.622,-1.376,-0.358,NA,0.118,-0.388,0.158
1941-07,-0.731,-0.974,-0.487,NA,-0.484,-0.309,-0.415
1941-08,1.297,0.125,-0.17,NA,0.359,-0.103,-0.167
1941-09,-2.569,-0.569,-1.404,NA,0.049,-0.441,-0.205
1941-10,-0.665,-0.59,-1.25,NA,-0.146,-0.702,-0.268
1941-11,-1.092,-2.169,-1.673,NA,-1.299,-0.886,-1.161
1941-12,-0.388,-1.447,-1.497,NA,-1.333,-0.753,-1.113
1942-01,0.388,-0.73,-0.912,NA,-1.051,-0.99,-0.756
1942-02,-2.604,-0.916,-2.095,NA,-1.848,-0.995,-1.106
1942-03,-0.153,-0.956,-1.755,NA,-2.203,-0.929,-1.141
1942-04,-0.39,-1.98,-1.712,NA,-1.914,-0.978,-1.279
1942-05,1.872,0.889,-0.314,NA,-1.338,-1.188,-0.847
1942-06,-1.856,0.215,-0.72,NA,-1.57,-1.536,-0.971
1942-07,0.211,0.481,-0.908,NA,-1.279,-1.312,-1.292
1942-08,0.417,-0.477,0.167,NA,-1.727,-1.531,-0.925
1942-09,0.459,0.46,0.435,NA,-1.128,-1.549,-0.718
1942-10,-0.174,0.167,0.381,NA,-0.906,-1.282,-0.717
1942-11,-2.754,-1.134,-1.389,NA,-1.19,-1.92,-1.762
1942-12,0.672,-0.915,-0.435,NA,-0.779,-1.507,-1.558
1943-01,1.231,0.16,0.164,NA,-0.381,-0.906,-0.968
1943-02,-0.16,0.891,-0.039,NA,0.004,-1.287,-1.126
1943-03,-1.504,0.188,-0.599,NA,-0.246,-1.159,-1.457
1943-04,-1.182,-1.857,-0.859,NA,-0.336,-1.148,-1.419
1943-05,1.08,-0.785,0.387,NA,-0.619,-0.697,-1.268
1943-06,0.066,0.003,0.087,NA,-0.318,-0.666,-1.286
1943-07,0.422,0.684,-0.646,NA,-0.25,-0.637,-1.119
1943-08,0.532,0.386,-0.212,NA,-0.234,-0.149,-1.371
1943-09,1.155,1.126,0.854,NA,0.013,0.184,-0.742
1943-10,0.045,0.763,1.029,NA,0.105,0.234,-0.549
1943-11,-0.525,0.255,0.398,NA,0.499,-0.321,-0.488
1943-12,-0.913,-0.969,-0.004,NA,0.012,-0.286,-0.596
1944-01,-0.366,-1.308,-0.289,NA,-0.631,-0.426,-0.697
1944-02,-1.465,-1.514,-0.865,NA,-0.91,-0.77,-0.581
1944-03,-3.729,-2.571,-2.332,NA,-1.165,-1.229,-0.869
1944-04,0.137,-2.78,-2.599,NA,-0.848,-1.155,-0.779
1944-05,-1.445,-2.525,-2.653,NA,-1.43,-0.886,-1.324
1944-06,0.625,-0.344,-2.335,NA,-1.299,-1.079,-1.113
1944-07,0.012,-0.345,-2.136,NA,-1.353,-1.446,-1.168
1944-08,0.668,0.578,-0.876,NA,-1.389,-1.285,-1.152
1944-09,0.497,0.553,0.162,NA,-1.731,-0.893,-1.107
1944-10,0.792,0.945,0.553,NA,-1.298,-0.402,-0.786
1944-11,1.69,1.529,1.648,NA,-0.417,-0.15,0.006
1944-12,-0.075,1.321,1.307,NA,-0.156,-0.172,-0.163
1945-01,-0.16,0.774,1.078,NA,-0.1,-0.309,-0.508
1945-02,0.612,0.031,1.022,NA,0.397,-0.279,-0.322
1945-03,-1.223,-0.381,0.722,NA,0.615,-0.737,-0.31
1945-04,-1.201,-0.897,0.13,NA,0.39,-0.9,-0.297
1945-05,1.115,-0.637,-0.357,NA,0.872,-0.558,-0.303
1945-06,0.887,0.647,0.045,NA,0.978,-0.172,-0.173
1945-07,0.92,1.439,0.6,NA,1.149,0.153,-0.093
1945-08,-0.573,0.573,0.034,NA,0.901,0.32,-0.303
1945-09,-0.264,-0.114,0.288,NA,0.721,0.61,-0.604
1945-10,0.229,-0.42,0.65,NA,0.483,0.593,-0.525
1945-11,-3.258,-1.381,-0.736,NA,-0.803,0.328,-0.894
1945-12,0.978,-0.477,-0.489,NA,-0.368,0.482,-0.433
1946-01,0.094,-0.604,-0.719,NA,-0.28,0.45,-0.28
1946-02,0.485,0.692,-0.335,NA,-0.323,0.405,0.027
1946-03,-1.419,-0.355,-0.659,NA,-0.379,0.12,0.139
1946-04,0.025,-0.511,-0.832,NA,-0.141,-0.085,0.132
1946-05,1.306,0.046,0.567,NA,-0.091,-0.314,0.481
1946-06,1.132,1.444,0.654,NA,-0.007,-0.034,0.63
1946-07,0.06,1.282,0.675,NA,-0.235,0.043,0.62
1946-08,1.59,1.507,1.236,NA,0.436,0.339,0.88
1946-09,1.408,1.844,2.338,NA,0.991,0.879,1.076
1946-10,-1.237,0.961,1.609,NA,0.556,0.694,0.621
1946-11,1.181,0.733,1.62,NA,1.474,0.841,0.476
1946-12,0.259,0.093,1.212,NA,1.257,0.697,0.614
1947-01,-0.037,0.673,1.025,NA,1.144,0.446,0.573
1947-02,-1.499,-0.595,0.046,NA,0.719,0.295,0.237
1947-03,2.255,0.508,0.321,NA,1.604,0.839,0.783
1947-04,0.495,0.94,1.026,NA,1.624,0.905,0.959
1947-05,0.252,1.849,0.518,NA,1.417,1.342,0.848
1947-06,0.597,0.623,0.763,NA,1.299,1.37,0.857
1947-07,-0.088,0.267,0.807,NA,1.212,1.269,0.668
1947-08,-2.196,-0.75,0.697,NA,0.404,0.934,0.532
1947-09,-0.743,-1.828,-0.876,NA,-0.271,0.97,0.453
1947-10,-1.564,-2.594,-1.794,NA,-0.316,0.584,0.117
1947-11,-0.241,-1.525,-1.912,NA,-0.825,0.293,0.463
1947-12,-0.138,-1.257,-2.095,NA,-0.974,-0.016,0.222
1948-01,1.558,0.782,-0.826,NA,-0.237,0.445,0.6
1948-02,-0.602,0.558,-0.524,NA,-0.073,-0.083,0.387
1948-03,-1.089,0.41,-0.661,NA,-1.052,-0.595,0.416
1948-04,0.149,-1.238,-0.021,NA,-1.065,-0.282,0.436
1948-05,0.238,-0.573,0.16,NA,-1.101,-0.57,0.267
1948-06,0.279,0.175,0.391,NA,-1.245,-0.664,0.099
1948-07,-0.325,-0.072,-0.976,NA,-1.245,-0.652,0.024
1948-08,0.698,0.253,-0.209,NA,-0.671,-0.215,-0.216
1948-09,-0.196,-0.017,0.032,NA,-0.563,-0.868,-0.577
1948-10,0.377,0.355,0.173,NA,0.058,-0.767,-0.212
1948-11,-1.302,-0.615,-0.418,NA,-0.208,-1.187,-0.763
1948-12,0.707,-0.052,-0.106,NA,0.119,-1.057,-0.65
1949-01,-1.606,-1.199,-0.54,NA,-1.01,-1.35,-0.844
1949-02,-0.796,-0.8,-1.041,NA,-1.051,-1.203,-0.716
1949-03,-0.784,-2.204,-1.368,NA,-1.053,-1.184,-1.306
1949-04,0.175,-1.193,-1.7,NA,-0.976,-0.812,-1.329
1949-05,0.325,-0.345,-0.936,NA,-0.983,-0.7,-1.357
1949-06,-1.636,-0.738,-2.382,NA,-1.406,-1,-1.825
1949-07,-0.279,-0.893,-1.623,NA,-1.333,-1.578,-1.879
1949-08,-0.4,-1.296,-1.267,NA,-1.784,-1.598,-1.729
1949-09,-0.148,-0.719,-1.125,NA,-1.842,-1.414,-1.573
1949-10,1.519,0.768,0.078,NA,-1.123,-0.748,-0.713
1949-11,0.42,1.086,0.16,NA,-0.591,-0.754,-0.607
1949-12,-0.485,0.931,0.312,NA,-1.041,-0.913,-0.695
1950-01,-1.786,-1.159,-0.204,NA,-1.042,-1.195,-1.386
1950-02,1.563,-0.147,0.586,NA,-0.2,-0.865,-0.799
1950-03,-0.959,-0.257,0.477,NA,-0.251,-0.967,-0.807
1950-04,0.212,0.91,-0.349,NA,-0.213,-1.039,-0.777
1950-05,-0.314,-0.822,-0.607,NA,-0.359,-0.824,-0.879
1950-06,-0.091,-0.367,-0.536,NA,-0.117,-1.201,-1.038
1950-07,1.017,0.253,0.774,NA,0.215,-0.511,-0.805
1950-08,1.956,1.603,0.89,NA,1.003,0.248,-0.464
1950-09,1.823,2.8,2.169,NA,1.696,0.879,0.048
1950-10,-1.355,1.433,1.362,NA,0.671,0.505,-0.292
1950-11,1.672,1.267,2.127,NA,1.099,0.961,0.328
1950-12,0.009,0.26,2.01,NA,1.274,1.139,0.192
1951-01,0.384,1.114,1.625,NA,1.698,1.187,0.522
1951-02,0.938,0.559,1.177,NA,1.458,1.447,0.801
1951-03,1.1,1.209,0.918,NA,1.925,1.667,1.067
1951-04,0.812,1.631,1.782,NA,1.959,1.402,1.149
1951-05,0.497,1.287,1.08,NA,2.148,1.362,1.2
1951-06,-0.781,0.162,1.104,NA,2.103,1.551,1.371
1951-07,-0.396,-0.533,0.807,NA,1.714,1.734,1.342
1951-08,1.316,0.215,0.931,NA,1.565,1.7,1.734
1951-09,0.192,0.669,0.569,NA,1.048,1.831,1.75
1951-10,-1.467,-0.02,-0.457,NA,1.007,1.373,1.033
1951-11,0.846,-0.272,-0.167,NA,0.659,1.732,1.139
1951-12,-0.044,-0.424,0.051,NA,0.669,1.695,1.327
1952-01,0.162,0.392,0.198,NA,0.547,1.427,1.474
1952-02,-1.247,-0.589,-0.663,NA,-0.033,0.725,0.898
1952-03,0.431,-0.481,-0.7,NA,-0.238,0.339,1.074
1952-04,0.932,-0.124,0.196,NA,-0.176,0.809,1.17
1952-05,0.381,0.868,-0.079,NA,-0.214,0.407,1.282
1952-06,-0.173,0.479,-0.154,NA,-0.102,0.434,1.381
1952-07,-1.213,-0.667,-0.671,NA,-0.234,0.144,1.051
1952-08,1.94,0.703,1.03,NA,0.025,0.466,1.087
1952-09,0.617,1.18,1.188,NA,0.159,0.361,0.758
1952-10,0.542,1.578,1,NA,0.768,0.338,1.095
1952-11,0.209,0.602,0.918,NA,0.532,0.314,0.749
1952-12,0.002,0.297,0.905,NA,0.572,0.433,0.822
1953-01,-2.337,-1.158,0.442,NA,-0.026,0.054,0.32
1953-02,-0.531,-1.448,-0.558,NA,0.112,-0.387,0.024
1953-03,-1.526,-2.784,-1.319,NA,-0.274,-0.63,-0.333
1953-04,0.385,-1.213,-1.678,NA,-0.383,-0.238,-0.386
1953-05,0.627,-0.316,-1.441,NA,-0.335,-0.352,-0.38
1953-06,-0.262,0.222,-1.997,NA,-0.369,-0.437,-0.356
1953-07,1.429,0.904,-0.081,NA,0.269,-0.095,-0.028
1953-08,0.409,0.764,0.379,NA,-0.325,0.243,-0.255
1953-09,0.819,1.404,1.22,NA,-0.267,0.35,-0.104
1953-10,-0.606,0.138,0.661,NA,-0.674,0.005,0.043
1953-11,-0.638,-0.384,0.163,NA,-0.92,-0.227,-0.294
1953-12,-2.171,-2.103,-0.479,NA,-1.511,-0.603,-0.655
1954-01,-1.029,-2.466,-1.401,NA,-1.195,-0.652,-0.814
1954-02,0.718,-1.226,-1.166,NA,-0.78,-1.018,-0.432
1954-03,0.252,-0.201,-1.652,NA,-0.473,-1.113,-0.476
1954-04,-1.758,-0.145,-1.97,NA,-0.786,-1.507,-0.772
1954-05,0.386,-0.552,-1.4,NA,-0.875,-1.486,-0.796
1954-06,0.898,-0.012,-0.259,NA,-0.557,-1.444,-0.663
1954-07,1.293,1.309,0.919,NA,-0.581,-0.554,-0.265
1954-08,0.425,1.254,0.694,NA,-0.617,-0.347,-0.7
1954-09,0.804,1.316,1.009,NA,-0.651,0.085,-0.631
1954-10,0.305,0.659,1.379,NA,-0.286,0.096,-0.664
1954-11,1.691,1.388,1.977,NA,0.52,0.479,-0.303
1954-12,-0.121,0.993,1.504,NA,0.995,0.486,-0.322
1955-01,0.451,1.102,1.103,NA,1.336,0.251,0.166
1955-02,0.296,0.178,1.012,NA,1.205,0.219,0.299
1955-03,-1.45,-0.217,0.549,NA,0.956,-0.152,0.304
1955-04,-0.384,-0.951,0.396,NA,1.085,-0.038,0.213
1955-05,1.08,-0.387,-0.105,NA,1.272,0.287,0.292
1955-06,0.856,0.896,0.353,NA,1.299,0.951,0.513
1955-07,-0.718,0.646,-0.164,NA,0.79,1.027,0.122
1955-08,-2.648,-0.957,-1.054,NA,0.314,0.571,-0.246
1955-09,-0.673,-2.363,-0.943,NA,-0.106,0.377,-0.525
1955-10,-0.844,-2.149,-1.182,NA,-0.478,0.346,-0.54
1955-11,-0.487,-1.279,-1.859,NA,-1.31,0.181,-0.548
1955-12,0.955,-0.238,-1.473,NA,-0.856,0.265,0.094
1956-01,0.256,0.379,-0.964,NA,-0.91,0.018,0.332
1956-02,-2.557,-0.125,-0.953,NA,-1.477,-0.407,-0.086
1956-03,-1.396,-1.655,-1.245,NA,-1.545,-0.788,-0.289
1956-04,-0.79,-3.212,-1.176,NA,-1.523,-0.985,-0.202
1956-05,-1.389,-2.385,-1.245,NA,-2.159,-1.707,-0.411
1956-06,0.214,-1.259,-2.316,NA,-2.481,-1.857,-0.605
1956-07,0.948,0.003,-2.01,NA,-1.885,-1.643,-0.705
1956-08,0.755,0.882,-0.511,NA,-1.241,-1.594,-0.653
1956-09,1.532,1.801,0.807,NA,-0.501,-0.848,-0.429
1956-10,-0.983,0.63,0.469,NA,-0.506,-0.949,-0.682
1956-11,-2.052,-0.598,0.095,NA,-0.844,-1.716,-1.53
1956-12,0.314,-1.516,0.17,NA,-1.131,-1.779,-1.473
1957-01,-0.258,-1.1,-0.276,NA,-1.285,-1.65,-1.478
1957-02,1.281,0.605,0.022,NA,-0.326,-0.912,-1.134
1957-03,0.717,0.891,-0.452,NA,0.089,-0.641,-0.87
1957-04,-2.901,0.55,-0.55,NA,-0.09,-0.695,-1.023
1957-05,-0.104,-0.761,0.123,NA,0.103,-0.606,-1.256
1957-06,0.089,-1.361,-0.007,NA,0.072,-1.003,-1.553
1957-07,0.874,0.343,0.579,NA,0.047,-0.799,-1.289
1957-08,0.614,0.696,0.076,NA,-0.005,-0.294,-0.887
1957-09,1.101,1.375,0.355,NA,-0.195,0.209,-0.488
1957-10,0.085,0.794,0.833,NA,0.159,0.316,-0.266
1957-11,-1.381,-0.096,0.337,NA,0.267,0.233,-0.437
1957-12,-0.821,-1.315,-0.039,NA,-0.069,-0.001,-0.895
1958-01,-0.139,-1.547,-0.393,NA,-0.044,-0.256,-0.882
1958-02,0.925,-0.111,-0.209,NA,-0.193,-0.19,-0.351
1958-03,-1.784,-0.261,-1.186,NA,-0.722,-0.822,-0.397
1958-04,-1.392,-0.821,-1.756,NA,-0.546,-0.758,-0.432
1958-05,0.835,-1.218,-0.755,NA,-0.334,-0.239,-0.175
1958-06,0.99,0.479,0.023,NA,-0.067,-0.11,-0.036
1958-07,0.326,1.046,0.277,NA,-0.215,0.05,-0.175
1958-08,1.27,1.316,0.428,NA,0.009,0.004,-0.047
1958-09,1.408,1.732,1.652,NA,0.133,0.239,-0.076
1958-10,0.178,1.381,1.81,NA,0.179,0.514,0.169
1958-11,-0.441,0.533,1.315,NA,0.383,0.461,0.38
1958-12,0.142,-0.211,0.929,NA,0.687,0.474,0.388
1959-01,0.579,0.058,0.95,NA,0.878,0.41,0.535
1959-02,-2.762,-0.475,-0.024,NA,0.17,-0.06,-0.039
1959-03,0.842,-0.237,-0.388,NA,0.668,-0.159,-0.025
1959-04,0.744,-0.395,-0.228,NA,1.002,-0.023,0.296
1959-05,-0.992,0.377,-0.271,NA,0.682,0.096,0.207
1959-06,-0.505,-0.573,-0.647,NA,0.313,0.227,0.128
1959-07,0.057,-0.928,-1.065,NA,0.236,0.281,-0.039
1959-08,-0.497,-0.71,-0.353,NA,-0.304,-0.069,-0.253
1959-09,-2.877,-1.75,-1.774,NA,-1.371,-0.19,-0.807
1959-10,0.47,-0.975,-1.561,NA,-1.176,0.13,-0.663
1959-11,1.74,0.506,-0.09,NA,-0.307,0.488,-0.005
1959-12,1.744,2.217,1.028,NA,0.409,0.822,0.72
1960-01,-0.01,2.039,0.872,NA,0.166,0.691,0.668
1960-02,0.44,1.118,1.08,NA,0.709,0.479,0.528
1960-03,-0.608,-0.187,1.566,NA,0.403,0.05,0.636
1960-04,0.643,0.18,1.758,NA,0.374,0.143,0.85
1960-05,-0.57,-0.454,0.745,NA,0.441,0.145,0.685
1960-06,-0.493,-0.447,-0.524,NA,0.455,0.039,0.478
1960-07,1.741,0.522,0.46,NA,0.906,0.306,0.757
1960-08,0.917,1.18,0.677,NA,1.324,0.915,0.698
1960-09,1.413,2.263,1.627,NA,2.21,1.09,0.687
1960-10,1.612,2.108,2.157,NA,2.618,1.373,1.082
1960-11,1.234,2.236,2.673,NA,2.359,1.919,1.444
1960-12,0.808,2.082,2.911,NA,2.046,2.156,1.726
1961-01,0.77,1.527,2.352,NA,2.177,2.192,1.579
1961-02,0.219,0.833,2.043,NA,2.114,2.271,1.769
1961-03,-2.872,-0.292,1.399,NA,1.964,2.297,1.459
1961-04,1.405,-0.156,1.147,NA,2.052,2.491,1.553
1961-05,-1.313,-0.967,0.257,NA,2.013,1.9,1.567
1961-06,-1.016,-0.373,-0.571,NA,2.003,1.466,1.652
1961-07,-0.114,-1.451,-1.232,NA,1.453,1.381,1.614
1961-08,0.552,-0.334,-0.934,NA,1.423,1.477,1.853
1961-09,0.14,0.18,-0.167,NA,1.054,1.56,2.099
1961-10,1.031,0.895,-0.076,NA,0.744,1.607,2.162
1961-11,-1.376,0.053,-0.271,NA,-0.04,1.562,1.606
1961-12,-0.053,-0.064,0.005,NA,-0.359,1.588,1.229
1962-01,0.873,-0.24,0.419,NA,-0.313,1.347,1.296
1962-02,-0.864,0.01,-0.025,NA,-0.594,0.985,1.031
1962-03,-0.361,-0.106,-0.195,NA,-0.291,0.605,1.072
1962-04,0.15,-1.003,-0.801,NA,-0.597,0.131,1
1962-05,0.1,-0.279,-0.204,NA,-0.372,-0.191,1.097
1962-06,-1.489,-0.871,-0.707,NA,-0.449,-0.708,1.098
1962-07,-0.583,-1.182,-1.705,NA,-0.526,-1.005,0.663
1962-08,0.624,-0.653,-0.756,NA,-0.539,-0.945,0.622
1962-09,0.304,0.125,-0.514,NA,-0.511,-0.505,0.35
1962-10,-1.744,-0.543,-1.337,NA,-1.471,-1.123,-0.442
1962-11,-0.839,-1.359,-1.704,NA,-1.296,-1.24,-0.949
1962-12,-0.812,-2.182,-1.516,NA,-1.564,-1.235,-1.404
1963-01,-2.551,-2.569,-1.996,NA,-2.585,-1.636,-1.854
1963-02,-0.621,-2.141,-2.456,NA,-2.511,-1.903,-1.909
1963-03,1.226,-1.11,-2.371,NA,-2.112,-1.647,-1.437
1963-04,1.076,0.828,-1.316,NA,-1.709,-1.799,-1.476
1963-05,-0.58,1.038,-1.045,NA,-1.912,-1.591,-1.446
1963-06,0.503,0.532,-0.602,NA,-1.51,-1.667,-1.341
1963-07,0.141,-0.059,0.486,NA,-1.271,-1.836,-1.317
1963-08,1.128,0.867,1.266,NA,-1.15,-1.372,-1.213
1963-09,-0.513,0.389,0.587,NA,-1.452,-1.396,-1.298
1963-10,-0.947,-0.28,-0.372,NA,-1.195,-1.538,-1.763
1963-11,1.921,0.402,0.87,NA,-0.136,-1.026,-1.019
1963-12,-2.256,-0.319,-0.055,NA,-0.423,-1.225,-1.452
1964-01,-2.292,-0.829,-0.771,NA,-0.386,-1.518,-1.908
1964-02,-0.996,-3.147,-1.547,NA,-0.462,-1.87,-1.818
1964-03,-0.086,-2.237,-1.613,NA,-0.871,-1.955,-1.818
1964-04,0.023,-0.987,-1.283,NA,-1.087,-1.578,-1.802
1964-05,0.171,-0.147,-2.484,NA,-0.96,-1.35,-1.844
1964-06,-0.279,-0.318,-2.082,NA,-1.218,-1.371,-1.876
1964-07,-0.153,-0.355,-1.049,NA,-1.237,-0.81,-1.83
1964-08,-0.244,-0.57,-0.607,NA,-1.82,-0.755,-2.099
1964-09,-0.843,-0.969,-1.029,NA,-1.982,-1.219,-2.262
1964-10,0.152,-0.585,-0.836,NA,-1.49,-1.289,-1.776
1964-11,-0.181,-0.524,-0.939,NA,-2.412,-1.359,-1.713
1964-12,-0.036,-0.208,-0.771,NA,-1.79,-1.439,-1.602
1965-01,0.661,0.14,-0.321,NA,-0.864,-1.202,-0.852
1965-02,-3.505,-0.58,-0.826,NA,-1.112,-1.899,-1.005
1965-03,0.127,-0.644,-0.64,NA,-1.118,-1.761,-1.234
1965-04,0.012,-1.614,-0.768,NA,-1.045,-1.528,-1.387
1965-05,0.338,0.087,-0.518,NA,-1.035,-2.107,-1.3
1965-06,0.522,0.341,-0.383,NA,-0.845,-1.736,-1.427
1965-07,1.613,1.276,0.06,NA,-0.279,-0.719,-1.112
1965-08,0.48,1.271,1.047,NA,-0.095,-0.416,-1.326
1965-09,0.792,1.545,1.411,NA,0.355,-0.193,-1.011
1965-10,-2.22,-0.463,0.487,NA,-0.23,-0.586,-1.131
1965-11,0.394,-0.447,0.527,NA,-0.046,-0.574,-1.644
1965-12,1.817,0.491,1.284,NA,0.753,0.134,-0.689
1966-01,-0.522,1.08,0.416,NA,0.32,0.003,-0.366
1966-02,0.922,1.197,0.585,NA,1.044,0.273,0.002
1966-03,-1.044,-0.299,0.107,NA,0.868,0.272,-0.116
1966-04,1.838,1.272,1.542,NA,1.284,0.643,0.205
1966-05,0.671,1.007,1.485,NA,1.384,0.776,0.281
1966-06,0.48,1.678,0.874,NA,1.417,1.002,0.425
1966-07,-0.341,0.298,1.078,NA,0.869,0.718,0.382
1966-08,0.86,0.47,0.936,NA,1.031,1.34,0.619
1966-09,-0.792,-0.208,0.991,NA,0.647,1.145,0.614
1966-10,0.416,0.247,0.323,NA,1.28,1.148,0.66
1966-11,-0.82,-0.634,-0.264,NA,0.922,1.009,0.549
1966-12,0.729,0.18,-0.035,NA,0.465,1.083,0.807
1967-01,-0.614,-0.475,-0.186,NA,0.404,0.522,0.449
1967-02,0.901,0.448,-0.123,NA,0.397,0.631,0.882
1967-03,-0.064,0.017,0.064,NA,0.581,0.454,0.867
1967-04,-0.608,0.234,-0.29,NA,-0.021,0.783,0.797
1967-05,1.593,0.606,0.626,NA,0.244,0.981,1.025
1967-06,-1.282,0.007,-0.059,NA,-0.112,0.303,0.875
1967-07,-0.107,0.229,0.265,NA,-0.058,0.415,0.53
1967-08,0.042,-0.784,-0.243,NA,-0.33,0.186,0.465
1967-09,1.037,0.495,0.329,NA,0.203,0.601,0.517
1967-10,1.801,1.702,1.603,NA,0.885,0.778,1.347
1967-11,-0.354,1.496,0.828,NA,0.964,0.629,1.224
1967-12,-0.026,1.033,1.043,NA,0.733,0.513,0.792
1968-01,-0.023,-0.432,0.921,NA,0.847,0.505,0.8
1968-02,-0.773,-0.535,0.656,NA,0.381,0.159,0.46
1968-03,-0.31,-0.819,0.25,NA,0.335,0.248,0.541
1968-04,0.195,-0.883,-0.899,NA,0.477,0.196,0.263
1968-05,0.288,-0.101,-0.583,NA,0.13,0.393,0.208
1968-06,1.412,1.155,0.091,NA,0.796,0.603,0.434
1968-07,0.858,1.362,0.535,NA,0.985,0.903,0.616
1968-08,-0.645,0.874,0.595,NA,0.886,0.588,0.358
1968-09,0.804,0.51,1.108,NA,0.833,0.773,0.641
1968-10,-0.167,-0.112,0.814,NA,-0.078,0.742,0.484
1968-11,-1.483,-0.495,0.166,NA,-0.349,0.159,0.384
1968-12,0.113,-0.94,-0.418,NA,-0.289,0.37,0.271
1969-01,0.573,-0.42,-0.396,NA,-0.072,0.495,0.496
1969-02,0.073,0.264,-0.183,NA,0.138,0.485,0.3
1969-03,0.283,0.393,-0.468,NA,0.265,0.301,0.347
1969-04,-0.029,-0.035,-0.409,NA,0.223,-0.305,0.415
1969-05,1.643,1.094,0.731,NA,0.592,0.108,0.433
1969-06,-0.207,0.789,0.776,NA,0.118,0.095,0.583
1969-07,0.841,1.147,0.845,NA,0.108,0.292,0.728
1969-08,0.013,0.192,0.785,NA,0.263,0.478,0.752
1969-09,-0.362,0.098,0.544,NA,-0.087,0.442,0.459
1969-10,-2.732,-1.687,-0.449,NA,-0.623,-0.06,-0.495
1969-11,0.829,-0.92,-0.706,NA,0.053,0.097,-0.263
1969-12,-0.087,-0.821,-0.61,NA,0.002,-0.285,-0.264
1970-01,0.626,0.663,-0.529,NA,0.008,-0.289,-0.072
1970-02,1.151,0.779,-0.018,NA,0.389,0.128,0.305
1970-03,0.253,1.136,0.158,NA,0.388,-0.005,0.379
1970-04,0.652,1.254,1.206,NA,0.528,0.18,0.448
1970-05,-0.922,-0.077,0.59,NA,-0.055,0.316,0.318
1970-06,-0.132,-0.381,0.732,NA,-0.042,0.308,0.012
1970-07,0.536,-0.353,0.616,NA,-0.126,0.248,-0.069
1970-08,0.526,0.349,0.164,NA,0.013,0.377,0.142
1970-09,0.274,0.592,0.173,NA,0.186,0.369,0.028
1970-10,-0.387,0.003,-0.322,NA,0.641,0.245,-0.013
1970-11,1.385,0.589,0.66,NA,0.823,0.288,0.544
1970-12,-1.042,-0.052,0.27,NA,0.597,0.091,0.37
1971-01,1.33,1.104,0.7,NA,0.846,0.306,0.545
1971-02,-1.004,-0.138,0.237,NA,0.237,0.114,0.366
1971-03,0.009,0.425,0.162,NA,0.179,0.186,0.327
1971-04,-0.675,-1.339,0.227,NA,-0.077,0.55,0.261
1971-05,-0.852,-1.062,-0.71,NA,-0.073,0.221,-0.112
1971-06,1.453,0.273,0.466,NA,0.422,0.668,0.22
1971-07,-1.033,0.087,-0.901,NA,0.089,0.314,-0.082
1971-08,0.599,0.722,-0.057,NA,0.111,0.133,0.036
1971-09,-1.776,-1.178,-0.741,NA,-0.335,-0.209,-0.131
1971-10,-0.293,-0.72,-0.63,NA,-0.278,-0.385,0.198
1971-11,0.468,-0.71,-0.121,NA,-0.638,-0.169,0.097
1971-12,-1.521,-0.868,-1.422,NA,-0.747,-0.459,-0.138
1972-01,0.295,-0.485,-0.832,NA,-1.211,-0.482,-0.202
1972-02,0.576,-0.352,-0.781,NA,-0.747,-0.459,-0.331
1972-03,-0.211,0.291,-0.493,NA,-0.845,-0.548,-0.411
1972-04,0.83,0.609,-0.065,NA,-0.454,-0.276,-0.366
1972-05,0.646,0.598,-0.047,NA,-0.161,-0.552,-0.179
1972-06,1.04,1.382,1.104,NA,-0.334,-0.092,0.029
1972-07,-0.543,0.594,0.816,NA,-0.235,-0.621,-0.159
1972-08,-1.214,-0.32,0.076,NA,-0.715,-0.657,-0.456
1972-09,-1.27,-2.062,-0.358,NA,-0.666,-0.89,-0.686
1972-10,-1.128,-2.21,-1.267,NA,-0.879,-0.974,-0.788
1972-11,0.558,-0.968,-1.136,NA,-0.824,-0.776,-1.061
1972-12,0.837,0.123,-1.019,NA,-0.059,-0.875,-0.627
1973-01,-0.736,0.301,-1.053,NA,-0.398,-0.873,-1.082
1973-02,0.034,-0.002,-0.673,NA,-0.578,-1.005,-0.856
1973-03,-1.935,-1.488,-0.858,NA,-0.911,-0.984,-1.093
1973-04,0.042,-1.134,-0.4,NA,-1.048,-0.89,-0.98
1973-05,0.476,-0.817,-0.472,NA,-1.126,-0.926,-0.835
1973-06,-0.315,-0.122,-1.379,NA,-1.61,-0.751,-1.322
1973-07,0.364,0.102,-0.758,NA,-1.311,-0.699,-1.129
1973-08,0.31,0.035,-0.535,NA,-1.007,-0.823,-1.24
1973-09,0.314,0.381,0.155,NA,-0.64,-0.695,-0.885
1973-10,-1.015,-0.432,-0.385,NA,-0.575,-1.038,-0.983
1973-11,-0.562,-0.878,-0.795,NA,-0.927,-1.42,-1.259
1973-12,-0.447,-1.404,-0.824,NA,-1.449,-1.774,-1.101
1974-01,1.015,0,-0.324,NA,-0.718,-1.259,-0.765
1974-02,1.231,0.908,0.111,NA,-0.26,-0.688,-0.55
1974-03,-0.851,1.098,-0.223,NA,-0.128,-0.606,-0.646
1974-04,-1.762,-0.18,-0.157,NA,-0.371,-0.541,-0.925
1974-05,-0.162,-1.738,0.038,NA,-0.531,-0.715,-1.08
1974-06,-0.085,-1.267,0.245,NA,-0.497,-1.123,-1.438
1974-07,-0.038,-0.358,-0.485,NA,-0.574,-0.849,-1.38
1974-08,0.923,0.35,-0.742,NA,-0.402,-0.639,-1.019
1974-09,2.597,2.311,1.295,NA,0.589,0.502,-0.049
1974-10,0.206,1.992,1.571,NA,0.945,0.504,0.223
1974-11,0.541,1.793,1.749,NA,1.215,0.586,0.206
1974-12,0.151,0.345,1.71,NA,1.425,0.668,0.058
1975-01,0.807,0.752,1.807,NA,1.263,0.763,0.393
1975-02,-1.416,-0.08,1.15,NA,0.582,0.464,0.185
1975-03,0.021,-0.196,0.056,NA,0.76,0.408,0.377
1975-04,0.533,-0.773,0.17,NA,1.073,0.749,0.448
1975-05,-0.808,-0.269,-0.278,NA,0.996,0.739,0.301
1975-06,-2.089,-1.324,-1.047,NA,0.758,0.713,0.161
1975-07,0.2,-1.35,-1.652,NA,0.775,0.415,0.116
1975-08,-0.275,-1.01,-1.012,NA,0.474,0.008,0.012
1975-09,0.819,0.309,-0.608,NA,-0.352,0.343,0.129
1975-10,-1.627,-0.68,-1.565,NA,-0.872,0.189,0.047
1975-11,0.086,-0.442,-1.155,NA,-1.015,0.239,0.152
1975-12,-1.435,-1.85,-1.169,NA,-1.519,-0.049,0.015
1976-01,-1.444,-1.816,-1.661,NA,-2.287,-0.36,-0.498
1976-02,-0.191,-1.804,-1.568,NA,-1.971,-0.628,-0.793
1976-03,-0.137,-1.325,-2.29,NA,-2.115,-1.488,-0.725
1976-04,-2.844,-1.548,-2.399,NA,-2.549,-1.855,-0.755
1976-05,-0.31,-1.614,-2.459,NA,-2.509,-2.062,-0.798
1976-06,-0.676,-2.163,-2.578,NA,-2.378,-2.558,-0.97
1976-07,-1.595,-1.583,-2.406,NA,-2.676,-2.99,-1.184
1976-08,-1.401,-2.19,-2.777,NA,-3.137,-3.112,-1.671
1976-09,1.283,-0.542,-1.821,NA,-3.012,-2.61,-2.11
1976-10,1.181,0.927,-0.106,NA,-1.693,-2.015,-1.689
1976-11,0.051,1.322,0.012,NA,-1.659,-2.036,-1.882
1976-12,0.153,0.784,0.277,NA,-1.161,-1.634,-1.966
1977-01,0.412,0.199,0.706,NA,-0.556,-1.478,-1.856
1977-02,1.302,0.865,1.424,NA,-0.012,-1.016,-1.206
1977-03,0.245,1.101,1.209,NA,0.064,-1.167,-1.201
1977-04,-0.282,0.947,0.662,NA,0.343,-0.861,-1.293
1977-05,-0.022,-0.221,0.606,NA,0.402,-0.888,-1.235
1977-06,0.548,-0.007,0.907,NA,0.691,-0.527,-1.022
1977-07,-1.248,-0.416,0.33,NA,0.701,-0.343,-1.246
1977-08,0.6,0.016,-0.196,NA,1.165,-0.155,-1.106
1977-09,-1.145,-1.004,-0.83,NA,0.543,-0.343,-1.447
1977-10,-0.699,-0.78,-1.043,NA,-0.194,-0.22,-1.228
1977-11,0.188,-0.959,-0.874,NA,-0.149,-0.154,-1.259
1977-12,-0.817,-0.976,-1.408,NA,-0.444,-0.225,-1.194
1978-01,0.717,-0.032,-0.557,NA,-0.313,0.172,-0.603
1978-02,0.974,0.42,-0.332,NA,-0.456,0.607,-0.316
1978-03,0.971,1.392,0.26,NA,-0.283,0.49,-0.152
1978-04,-0.596,0.938,0.482,NA,-0.306,0.074,-0.001
1978-05,-0.816,-0.229,0.19,NA,-0.464,-0.058,-0.059
1978-06,0.044,-1.033,0.651,NA,-0.63,-0.097,0.029
1978-07,0.791,-0.03,0.59,NA,-0.163,-0.024,0.335
1978-08,-0.99,-0.187,-0.365,NA,-0.594,-0.63,0.394
1978-09,-1.272,-0.933,-1.488,NA,-0.645,-0.913,-0.083
1978-10,-3.106,-3.077,-2.349,NA,-1.044,-1.29,-0.834
1978-11,-1.132,-2.966,-2.475,NA,-1.414,-1.679,-1.103
1978-12,0.67,-1.538,-1.796,NA,-0.866,-1.529,-0.99
1979-01,-0.006,-0.294,-1.897,NA,-1.137,-1.278,-0.976
1979-02,-0.122,0.166,-1.548,NA,-1.555,-1.448,-1.266
1979-03,1.657,0.643,-0.658,NA,-1.377,-0.858,-1.016
1979-04,0.178,0.914,0.272,NA,-1.126,-0.643,-0.931
1979-05,1.024,1.65,0.966,NA,-0.723,-0.491,-0.786
1979-06,-0.332,0.345,0.703,NA,-0.843,-0.408,-1.031
1979-07,-0.787,-0.14,0.494,NA,-1.197,-0.725,-0.999
1979-08,0.994,-0.021,1.017,NA,-0.684,-0.789,-0.935
1979-09,-0.696,-0.247,-0.025,NA,-0.597,-1.156,-0.843
1979-10,-0.185,-0.03,-0.212,NA,0.016,-1.012,-0.693
1979-11,0.087,-0.541,-0.564,NA,0.326,-0.956,-0.756
1979-12,1.212,0.582,0.266,NA,0.577,-0.523,-0.232
1980-01,-0.383,0.492,0.259,NA,0.423,-0.781,-0.461
1980-02,0.782,0.776,0.191,NA,0.701,-0.409,-0.482
1980-03,1.022,0.599,0.734,NA,0.524,-0.002,-0.488
1980-04,-1.683,0.462,0.605,NA,0.243,0.291,-0.562
1980-05,-0.827,-0.614,0.348,NA,-0.152,0.383,-0.583
1980-06,1.881,0.429,0.717,NA,0.568,0.776,-0.193
1980-07,-0.072,0.883,0.946,NA,0.672,0.739,-0.367
1980-08,-0.028,1.056,0.48,NA,0.396,0.809,-0.23
1980-09,0.56,0.11,0.302,NA,0.74,0.541,0.081
1980-10,0.938,0.761,1.163,NA,1.156,0.74,0.724
1980-11,-0.007,0.743,1.291,NA,1.091,0.589,0.912
1980-12,-0.105,0.422,0.339,NA,0.639,0.608,0.804
1981-01,-0.616,-0.65,0.08,NA,0.532,0.523,0.602
1981-02,-0.223,-0.676,0.003,NA,0.223,0.239,0.556
1981-03,2.27,0.668,0.662,NA,0.644,0.856,0.694
1981-04,-0.476,1.075,0.118,NA,0.773,0.883,0.619
1981-05,1.395,2.085,0.613,NA,1.253,1.1,0.7
1981-06,-0.524,0.207,0.639,NA,0.575,0.789,0.731
1981-07,0.343,0.577,1.137,NA,0.641,0.917,0.87
1981-08,-1.439,-0.976,0.748,NA,0.4,0.531,0.501
1981-09,1.472,0.458,0.427,NA,0.753,0.698,0.932
1981-10,1.545,1.322,1.457,NA,1.039,1.296,1.364
1981-11,-0.847,1.358,0.593,NA,0.795,1.336,1.225
1981-12,0.543,0.93,0.941,NA,1.042,0.969,1.136
1982-01,-0.103,-0.329,0.685,NA,1.115,0.875,1.064
1982-02,0.034,0.107,0.944,NA,1.177,0.865,0.863
1982-03,1.496,0.566,0.97,NA,0.957,1.043,0.96
1982-04,-1.408,0.274,-0.153,NA,0.805,0.663,0.972
1982-05,-1.045,-0.175,-0.066,NA,0.307,0.519,0.976
1982-06,1.252,-0.302,0.242,NA,0.799,0.939,0.887
1982-07,-0.268,0.156,0.237,NA,0.635,1,0.844
1982-08,0.386,0.707,0.409,NA,1.041,1.195,0.955
1982-09,0.083,-0.049,-0.307,NA,0.602,0.637,0.843
1982-10,0.562,0.441,0.398,NA,0.118,0.798,0.709
1982-11,1.195,0.914,1.188,NA,0.735,0.891,0.981
1982-12,0.953,1.436,1.078,NA,0.924,1.224,1.337
1983-01,1.205,1.881,1.503,NA,1.329,1.409,1.586
1983-02,-1.419,0.672,1.015,NA,1.051,1.365,1.368
1983-03,-0.159,0.098,1.081,NA,0.663,1.007,0.971
1983-04,0.992,-0.532,1.287,NA,1.058,0.738,1.155
1983-05,1.673,1.448,1.261,NA,1.64,1.199,1.235
1983-06,-0.919,1.087,0.74,NA,1.183,1.077,1.299
1983-07,-2.027,-0.288,-0.681,NA,0.902,0.821,1.03
1983-08,-1.475,-2.581,-0.57,NA,0.566,0.632,1.067
1983-09,1.001,-0.983,0.023,NA,0.878,0.53,0.925
1983-10,0.066,-0.093,-0.365,NA,0.678,0.66,0.468
1983-11,-1.342,-0.161,-1.717,NA,-0.086,0.581,0.39
1983-12,0.699,-0.289,-0.845,NA,-0.182,0.47,0.486
1984-01,1.517,0.809,0.438,NA,-0.034,0.923,0.855
1984-02,0.272,1.265,0.8,NA,0.343,0.884,0.853
1984-03,-1.037,0.828,0.277,NA,0.185,0.735,0.502
1984-04,-2.962,-1.671,-0.185,NA,-0.378,0.373,0.434
1984-05,-0.254,-2.275,0.232,NA,-0.932,0.012,0.519
1984-06,-1.272,-2.554,-0.586,NA,-1.02,-0.499,0.147
1984-07,-0.881,-1.507,-2.439,NA,-0.819,-1.021,0.052
1984-08,-0.279,-1.428,-2.622,NA,-0.631,-0.848,-0.071
1984-09,1.391,0.3,-1.216,NA,-0.489,-0.399,0.242
1984-10,0.456,0.808,-0.192,NA,-0.297,-0.42,0.21
1984-11,1.337,1.564,0.586,NA,0.516,-0.456,0.235
1984-12,0.072,0.949,0.866,NA,0.31,-0.269,0.034
1985-01,-0.451,0.449,0.779,NA,-0.501,-0.147,-0.38
1985-02,-1.098,-0.842,0.535,NA,-0.852,-0.132,-0.323
1985-03,0.146,-1.058,0.055,NA,-0.649,-0.34,-0.293
1985-04,0.746,-0.383,0.106,NA,-0.082,-0.201,-0.321
1985-05,-0.308,0.198,-0.667,NA,-0.098,0,-0.675
1985-06,1.03,0.843,-0.325,NA,0.432,0.045,-0.402
1985-07,-0.022,0.361,-0.052,NA,0.568,-0.475,-0.202
1985-08,1.572,1.404,1.226,NA,1.17,-0.1,0.375
1985-09,-0.62,0.636,0.989,NA,0.605,-0.063,0.055
1985-10,-1.001,-0.009,0.149,NA,0.132,-0.021,-0.152
1985-11,-1.284,-1.795,-0.259,NA,-0.705,-0.265,-0.169
1985-12,0.595,-0.981,-0.359,NA,-0.493,0.106,-0.181
1986-01,0.424,-0.114,-0.13,NA,-0.186,0.315,-0.482
1986-02,-3.948,-0.362,-1.436,NA,-0.411,-0.004,-0.814
1986-03,0.447,-0.708,-1.256,NA,-0.363,-0.268,-0.637
1986-04,0.883,-0.714,-0.543,NA,-0.291,-0.214,-0.267
1986-05,0.609,0.979,0.163,NA,-0.098,-0.481,-0.156
1986-06,0.67,1.118,0.144,NA,-0.229,-0.402,0.104
1986-07,-0.233,0.439,-0.2,NA,-0.265,-0.281,0.168
1986-08,1.26,0.899,1.255,NA,-0.423,0.277,0.508
1986-09,-1.466,-0.074,0.658,NA,-0.61,-0.008,-0.02
1986-10,0.329,0.246,0.419,NA,-0.129,-0.049,-0.046
1986-11,1.017,0.143,0.683,NA,0.534,0.267,-0.156
1986-12,1.124,1.306,0.956,NA,0.774,0.37,0.165
1987-01,-2.487,0.245,0.271,NA,0.065,-0.081,-0.108
1987-02,0.207,-0.245,-0.143,NA,0.581,-0.449,0.095
1987-03,0.673,-0.938,0.417,NA,0.652,-0.205,0.171
1987-04,0.438,0.578,0.475,NA,0.529,0.117,0.131
1987-05,-0.278,0.359,-0.092,NA,0.352,0.305,0.134
1987-06,0.678,0.374,-0.589,NA,0.364,0.329,0.057
1987-07,-0.378,-0.074,0.286,NA,0.32,0.144,-0.013
1987-08,-1.476,-0.632,-0.311,NA,-0.389,0.32,-0.612
1987-09,-0.304,-1.446,-0.84,NA,-0.167,0.156,-0.539
1987-10,1.493,0.359,0.176,NA,0.41,0.474,0.136
1987-11,0.221,0.913,0.342,NA,0.118,0.442,0.384
1987-12,-0.783,0.676,-0.254,NA,-0.567,0.11,0.116
1988-01,1.369,0.539,0.537,NA,0.538,0.536,0.373
1988-02,0.278,0.497,0.893,NA,0.559,0.286,0.687
1988-03,1.21,1.577,1.459,NA,0.723,0.732,0.821
1988-04,-0.712,0.465,0.643,NA,0.495,0.595,0.62
1988-05,0.152,0.405,0.567,NA,0.586,0.351,0.567
1988-06,-0.293,-0.753,0.971,NA,0.355,-0.023,0.445
1988-07,1.672,0.841,0.914,NA,0.874,0.818,0.792
1988-08,0.927,1.21,1.172,NA,1.453,1.045,0.739
1988-09,0.223,1.528,0.796,NA,1.634,0.934,0.96
1988-10,0.324,0.64,1.031,NA,1.092,0.865,0.925
1988-11,-1.832,-0.632,0.342,NA,0.594,0.638,0.426
1988-12,-1.283,-1.551,-0.064,NA,0.504,0.209,-0.087
1989-01,-0.962,-2.679,-1.087,NA,-0.362,0.022,0.1
1989-02,0.985,-0.665,-0.957,NA,-0.098,0.475,0.269
1989-03,0.882,0.383,-0.866,NA,-0.216,0.694,0.303
1989-04,0.484,1.366,-0.958,NA,0.043,0.332,0.314
1989-05,-1.991,-0.069,-0.674,NA,-0.277,0.058,0.178
1989-06,-0.405,-1.091,-0.37,NA,-0.312,0.192,-0.004
1989-07,-1.029,-1.938,-0.198,NA,-1.023,-0.426,-0.1
1989-08,-0.426,-1.183,-0.994,NA,-1.544,-0.609,0.03
1989-09,0.677,-0.458,-1.139,NA,-1.435,-0.712,0.226
1989-10,0.626,0.435,-0.778,NA,-1.226,-0.353,-0.055
1989-11,-0.667,0.289,-0.569,NA,-0.923,-0.582,-0.251
1989-12,0.699,0.373,-0.019,NA,-0.264,-0.291,0.12
1990-01,1.064,0.691,0.687,NA,0.416,-0.358,0.016
1990-02,1.966,1.888,1.558,NA,0.851,0.04,0.458
1990-03,-1.95,1.493,1.194,NA,0.356,-0.24,0.07
1990-04,-0.467,0.782,0.947,NA,0.168,-0.379,0.104
1990-05,-1.489,-2.508,0.832,NA,0.215,-0.237,-0.066
1990-06,0.869,-0.476,1.027,NA,0.553,0.249,0.135
1990-07,-0.446,-0.405,0.209,NA,0.622,0.401,-0.294
1990-08,-0.137,0.073,-1.372,NA,0.718,0.11,-0.538
1990-09,-0.08,-0.598,-0.856,NA,0.516,-0.105,-0.578
1990-10,0.531,0.09,-0.276,NA,0.474,-0.026,-0.489
1990-11,-0.628,-0.15,-0.169,NA,0.465,0.049,-0.345
1990-12,0.245,0.02,-0.383,NA,0.317,0.191,-0.017
1991-01,0.549,0.013,0.018,NA,0.074,0.447,0.296
1991-02,0.034,0.303,0.059,NA,-0.743,0.51,0.08
1991-03,0.323,0.372,0.177,NA,-0.364,0.424,-0.018
1991-04,0.969,0.565,0.287,NA,-0.01,0.457,0.07
1991-05,-2.609,-0.257,0.07,NA,-0.107,0.337,0.04
1991-06,1.054,0.354,0.472,NA,-0.047,0.437,0.307
1991-07,0.358,-0.023,0.314,NA,0.131,0.163,0.479
1991-08,-1.742,-0.021,-0.248,NA,-0.166,-0.823,0.345
1991-09,-0.054,-0.869,-0.468,NA,-0.17,-0.545,0.194
1991-10,0.027,-0.868,-0.83,NA,-0.354,-0.419,0.039
1991-11,0.079,-0.131,-0.219,NA,-0.145,-0.25,0.161
1991-12,-1.503,-0.9,-1.269,NA,-0.642,-0.773,-0.277
1992-01,-1.578,-1.923,-1.859,NA,-1.286,-1.01,-0.8
1992-02,-0.465,-2.079,-1.485,NA,-1.431,-1.082,-1.38
1992-03,-0.034,-1.525,-1.703,NA,-1.606,-1.066,-1.2
1992-04,0.686,-0.177,-1.62,NA,-1.591,-1.098,-1.008
1992-05,-0.877,-0.222,-1.85,NA,-1.438,-1.084,-0.986
1992-06,-1.154,-0.902,-1.966,NA,-2.131,-1.519,-1.434
1992-07,0.533,-0.831,-0.83,NA,-1.979,-1.473,-1.282
1992-08,1.799,0.922,0.569,NA,-0.96,-0.956,-0.819
1992-09,-0.123,1.325,0.533,NA,-1.022,-1.042,-0.8
1992-10,-0.193,0.755,0.098,NA,-1.058,-1.201,-0.95
1992-11,1.526,0.61,1.082,NA,-0.455,-0.532,-0.471
1992-12,-0.428,0.44,1.103,NA,-0.17,-0.887,-0.635
1993-01,0.826,1.083,1.152,NA,0.522,-0.677,-0.481
1993-02,-1.925,-0.495,0.02,NA,0.29,-0.719,-0.695
1993-03,-1.993,-1.087,-0.381,NA,-0.025,-0.96,-0.979
1993-04,0.218,-2.419,-0.219,NA,-0.117,-0.923,-1.081
1993-05,0.774,-0.479,-0.747,NA,0.211,-0.793,-0.768
1993-06,1.262,1.305,0.019,NA,0.804,-0.196,-0.793
1993-07,1.43,1.798,0.218,NA,1.018,0.493,-0.578
1993-08,-1.068,0.964,0.468,NA,0.235,0.443,-0.528
1993-09,0.799,0.732,1.379,NA,0.525,0.626,-0.325
1993-10,0.093,-0.093,1.177,NA,0.62,0.477,-0.288
1993-11,-0.742,-0.033,0.593,NA,-0.151,0.467,-0.475
1993-12,1.931,0.945,1.113,NA,0.83,1.248,0.424
1994-01,1.011,1.539,0.954,NA,0.851,1.336,0.879
1994-02,0.875,1.933,1.418,NA,1.44,1.086,1.076
1994-03,1.356,1.721,1.744,NA,2.093,1.361,1.304
1994-04,0.945,1.813,2.222,NA,2.144,1.617,1.333
1994-05,0.286,1.434,2.353,NA,2.096,1.257,1.489
1994-06,-0.805,0.114,1.558,NA,1.687,1.416,1.65
1994-07,-0.694,-0.84,0.777,NA,1.138,1.013,1.467
1994-08,0.336,-0.696,0.418,NA,1.493,1.435,1.171
1994-09,1.06,0.441,0.354,NA,1.634,1.883,1.381
1994-10,0.437,0.848,0.185,NA,1.712,1.793,1.469
1994-11,-0.15,0.606,0.012,NA,1.792,1.771,1.115
1994-12,1.493,1.042,1.02,NA,1.64,1.883,1.706
1995-01,1.573,1.842,1.72,NA,1.78,1.927,1.722
1995-02,1.033,2.063,1.877,NA,1.83,2.27,2.023
1995-03,0.209,1.752,1.831,NA,1.62,2.151,2.252
1995-04,-0.453,0.584,1.788,NA,1.285,2.145,2.16
1995-05,-0.469,-0.592,1.623,NA,1.179,2.179,2.066
1995-06,-1.476,-1.697,0.727,NA,1.133,1.68,1.865
1995-07,-0.32,-1.373,-0.574,NA,1.145,1.258,1.556
1995-08,-2.409,-2.269,-2.075,NA,0.75,0.789,1.512
1995-09,0.832,-0.743,-1.741,NA,0.692,0.673,1.485
1995-10,-0.456,-0.769,-1.662,NA,0.375,0.336,1.32
1995-11,-0.335,-0.148,-1.562,NA,0.309,0.223,1.404
1995-12,-0.459,-0.951,-1.234,NA,-0.45,0.236,0.855
1996-01,-0.527,-1.027,-1.224,NA,-1.345,0.178,0.413
1996-02,0.186,-0.61,-0.592,NA,-1.694,0.138,0.247
1996-03,-0.779,-0.807,-1.298,NA,-2.03,-0.224,-0.079
1996-04,0.385,-0.288,-1.032,NA,-1.707,-0.261,-0.157
1996-05,0.815,0.141,-0.512,NA,-1.423,-0.085,-0.081
1996-06,-0.886,0.049,-0.72,NA,-1.382,-0.792,-0.107
1996-07,-1.328,-0.775,-0.874,NA,-1.51,-1.541,-0.193
1996-08,0.407,-0.933,-0.674,NA,-1.018,-1.867,-0.185
1996-09,-1.073,-1.174,-0.908,NA,-1.654,-2.115,-0.581
1996-10,0.357,-0.161,-0.736,NA,-1.25,-1.724,-0.571
1996-11,1.089,0.313,-0.404,NA,-0.695,-1.441,-0.311
1996-12,-2.078,-0.166,-0.845,NA,-1.087,-1.611,-1.148
1997-01,-3.046,-1.775,-1.257,NA,-1.539,-2.009,-1.934
1997-02,1.335,-1.296,-0.694,NA,-1.039,-1.239,-1.731
1997-03,-1.76,-1.14,-0.901,NA,-1.258,-1.695,-2.02
1997-04,-1.404,-0.302,-1.598,NA,-1.517,-1.774,-2.08
1997-05,0.596,-1.44,-1.935,NA,-1.628,-1.566,-1.972
1997-06,1.199,0.507,-0.643,NA,-1.054,-1.292,-1.679
1997-07,-0.916,0.552,0.162,NA,-0.942,-1.207,-1.784
1997-08,1.454,1.134,0.15,NA,-0.592,-0.866,-1.161
1997-09,-1.363,-0.155,0.157,NA,-0.672,-0.969,-1.533
1997-10,-0.162,0.094,0.371,NA,-0.843,-0.998,-1.393
1997-11,1.038,-0.128,0.655,NA,-0.844,-0.953,-1.114
1997-12,-0.016,0.337,0.12,NA,-0.31,-0.773,-1.044
1998-01,0.677,0.867,0.591,NA,0.518,-0.367,-0.634
1998-02,-1.639,-0.321,-0.379,NA,-0.291,-0.726,-0.85
1998-03,1.246,0.3,0.361,NA,0.326,-0.281,-0.553
1998-04,1.539,0.765,1.078,NA,0.901,-0.044,-0.329
1998-05,-0.711,1.33,0.401,NA,0.674,-0.442,-0.555
1998-06,1.571,1.674,1.323,NA,0.835,0.374,-0.13
1998-07,0.864,1.127,1.351,NA,1.159,1.007,0.172
1998-08,-0.876,0.917,1.489,NA,0.576,0.512,-0.039
1998-09,0.751,0.38,1.389,NA,1.099,0.907,0.284
1998-10,1.739,1.218,1.721,NA,1.859,1.531,0.71
1998-11,-0.041,1.431,1.782,NA,1.479,1.54,0.455
1998-12,0.174,1.217,1.126,NA,1.578,1.281,0.897
1999-01,1.064,0.645,1.185,NA,1.633,1.591,1.411
1999-02,0.196,0.666,1.363,NA,1.958,1.278,1.091
1999-03,-0.328,0.61,1.214,NA,1.685,1.422,1.234
1999-04,1.099,0.424,0.706,NA,1.498,1.702,1.5
1999-05,-0.182,0.248,0.641,NA,1.612,1.409,1.438
1999-06,0.709,0.877,1.017,NA,1.379,1.764,1.457
1999-07,-1.878,-0.57,-0.184,NA,0.851,1.276,1.364
1999-08,0.934,0.201,0.243,NA,1.344,1.824,1.288
1999-09,1.079,0.522,0.924,NA,1.502,1.786,1.653
1999-10,-0.388,0.702,0.193,NA,0.587,1.264,1.548
1999-11,-0.72,-0.13,-0.059,NA,0.387,1.31,1.228
1999-12,2.255,0.988,1.024,NA,1.322,1.642,2.002
2000-01,-1.346,0.625,0.819,NA,0.536,1.122,1.422
2000-02,1.235,1.42,0.943,NA,0.897,1.533,1.777
2000-03,-0.925,-0.403,0.439,NA,0.823,1.266,1.522
2000-04,1.838,1.589,1.384,NA,1.008,1.121,1.566
2000-05,1.078,1.307,1.831,NA,1.302,1.292,1.826
2000-06,-0.735,1.331,0.532,NA,1.024,1.315,1.582
2000-07,0.386,0.307,1.327,NA,1.326,1.01,1.484
2000-08,0.654,0.105,0.866,NA,1.311,1.175,1.789
2000-09,1.18,1.2,1.754,NA,1.394,1.484,1.843
2000-10,1.871,2.068,1.997,NA,2.255,1.756,1.819
2000-11,1.642,2.511,2.297,NA,2.831,2.35,2.221
2000-12,0.809,2.498,2.618,NA,2.308,2.363,2.535
2001-01,-0.06,1.313,2.194,NA,2.457,2.385,2.002
2001-02,0.139,0.343,1.945,NA,2.124,2.193,1.886
2001-03,1.253,0.504,2.164,NA,2.631,2.192,2.133
2001-04,1.18,1.355,1.774,NA,2.343,2.534,2.125
2001-05,-1.316,0.882,0.682,NA,2.005,2.479,2.082
2001-06,-0.782,-0.476,0.085,NA,2.063,1.974,2.056
2001-07,-0.118,-1.335,0.105,NA,1.873,2.106,2.207
2001-08,0.181,-0.513,0.138,NA,1.853,1.93,2.146
2001-09,-1.01,-0.731,-0.959,NA,1.357,1.852,1.749
2001-10,0.55,-0.114,-1.022,NA,0.692,1.485,1.882
2001-11,-0.127,-0.255,-0.664,NA,0.04,1.373,2.011
2001-12,-1.465,-0.599,-0.952,NA,-0.674,1.167,1.241
2002-01,0.557,-0.636,-0.536,NA,-0.424,1.153,1.439
2002-02,1.807,0.68,0.282,NA,0.261,1.494,1.516
2002-03,-0.398,1.378,0.48,NA,-0.165,1.186,1.591
2002-04,0.219,1.402,0.349,NA,-0.389,0.65,1.322
2002-05,1.537,0.781,0.917,NA,0.225,0.496,1.435
2002-06,-0.1,0.886,1.689,NA,0.362,0.299,1.637
2002-07,0.103,0.734,1.495,NA,0.394,0.337,1.579
2002-08,-1.147,-0.779,-0.114,NA,0.119,0.127,1.362
2002-09,-1.446,-1.645,-0.549,NA,0.045,-0.416,0.897
2002-10,0.735,-0.679,-0.104,NA,0.141,-0.386,0.492
2002-11,1.345,0.64,-0.004,NA,0.634,0.146,0.402
2002-12,0.624,1.434,0.343,NA,1.24,0.448,0.401
2003-01,-0.483,0.782,0.08,NA,0.849,0.305,0.277
2003-02,-0.397,-0.225,0.216,NA,0.062,0.176,0.176
2003-03,-1.18,-1.353,0.324,NA,-0.085,0.182,-0.172
2003-04,-0.48,-1.536,-0.152,NA,-0.199,-0.013,-0.404
2003-05,0.349,-0.924,-0.726,NA,-0.554,0.064,-0.231
2003-06,-0.289,-0.489,-1.539,NA,-0.62,0.351,-0.197
2003-07,0.738,0.28,-0.846,NA,-0.421,0.338,-0.065
2003-08,-1.803,-0.689,-1.198,NA,-0.551,-0.553,-0.341
2003-09,-1.726,-1.52,-1.551,NA,-0.619,-0.766,-0.403
2003-10,-0.458,-2.116,-1.487,NA,-1.076,-0.857,-0.628
2003-11,-0.759,-1.597,-1.924,NA,-1.844,-1.507,-0.787
2003-12,0.397,-0.598,-1.386,NA,-1.968,-1.306,-0.406
2004-01,0.824,0.264,-1.04,NA,-1.35,-1.014,-0.281
2004-02,-0.338,0.405,-0.69,NA,-1.328,-0.895,-0.789
2004-03,-0.179,0.171,-0.394,NA,-1.191,-0.69,-0.781
2004-04,0.104,-0.562,-0.145,NA,-0.991,-0.895,-0.777
2004-05,-0.684,-0.639,-0.012,NA,-1.246,-1.4,-1.169
2004-06,-0.167,-0.69,-0.347,NA,-1.26,-1.86,-1.299
2004-07,-0.155,-0.73,-1.044,NA,-1.455,-1.621,-1.364
2004-08,1.453,0.657,0.107,NA,-0.616,-1.133,-0.858
2004-09,-0.039,0.754,0.134,NA,-0.286,-0.928,-0.623
2004-10,0.933,1.245,0.635,NA,0.287,-0.465,-0.528
2004-11,-1.499,-0.159,0.257,NA,0.116,-0.905,-1.178
2004-12,0.135,-0.078,0.356,NA,0.037,-0.777,-1.365
2005-01,-0.435,-1.148,0.178,NA,-0.434,-1.024,-1.194
2005-02,-0.334,-0.489,-0.516,NA,-0.43,-0.832,-1.115
2005-03,-0.7,-1.071,-0.791,NA,-0.57,-0.678,-1.09
2005-04,0.644,-0.486,-1.245,NA,-0.395,-0.428,-0.906
2005-05,-0.591,-0.514,-0.76,NA,-0.394,-0.359,-1.063
2005-06,0.723,0.399,-0.673,NA,-0.157,-0.351,-0.974
2005-07,-0.189,-0.081,-0.485,NA,-0.157,-0.612,-1.166
2005-08,-0.741,-0.213,-0.562,NA,-0.881,-0.705,-1.085
2005-09,-0.038,-0.784,-0.375,NA,-0.919,-0.673,-0.814
2005-10,0.808,0.087,-0.07,NA,-0.937,-0.374,-0.445
2005-11,0.117,0.433,0.149,NA,-0.481,-0.283,-0.308
2005-12,-0.153,0.359,-0.204,NA,-0.577,-0.277,-0.439
2006-01,-2,-1.231,-0.757,NA,-0.926,-0.636,-0.924
2006-02,-0.109,-1.22,-0.557,NA,-0.857,-1.051,-0.83
2006-03,0.794,-0.926,-0.359,NA,-0.536,-0.876,-0.695
2006-04,-0.944,-0.24,-1.157,NA,-0.814,-1.322,-0.797
2006-05,1.317,0.785,-0.6,NA,-0.362,-0.736,-0.512
2006-06,-0.562,-0.082,-0.908,NA,-0.722,-0.989,-0.627
2006-07,-0.755,-0.02,-0.265,NA,-0.804,-0.921,-0.729
2006-08,-0.896,-1.423,-0.517,NA,-0.891,-1.06,-1.277
2006-09,-0.398,-1.445,-1.193,NA,-1.034,-1.008,-1.305
2006-10,0.582,-0.326,-0.384,NA,-1.097,-0.855,-1.358
2006-11,0.763,0.482,-0.509,NA,-0.828,-0.622,-0.956
2006-12,0.448,0.892,-0.062,NA,-0.598,-0.632,-0.897
2007-01,0.391,0.78,0.279,NA,0.039,-0.479,-0.6
2007-02,1.19,0.932,0.925,NA,0.484,-0.027,-0.233
2007-03,0.065,0.927,1.173,NA,0.312,-0.004,-0.146
2007-04,-2.274,0.136,0.658,NA,0.181,-0.46,-0.417
2007-05,1.933,0.504,1.003,NA,0.384,-0.066,-0.008
2007-06,1.744,1.767,1.886,NA,1.072,0.472,0.247
2007-07,1.782,2.875,2.536,NA,1.622,1.236,0.619
2007-08,-0.098,1.837,1.777,NA,1.864,1.315,0.741
2007-09,-0.744,0.56,1.585,NA,1.865,0.996,0.62
2007-10,-1.317,-1.426,1.298,NA,1.285,0.765,0.155
2007-11,-1.048,-1.912,0.088,NA,0.758,0.33,-0.071
2007-12,0.628,-0.995,-0.422,NA,0.853,0.595,0.155
2008-01,0.483,0.048,-0.863,NA,0.831,0.77,0.555
2008-02,-0.581,0.237,-0.995,NA,0.288,0.781,0.457
2008-03,1.022,0.377,-0.516,NA,0.535,1.037,0.499
2008-04,0.118,0.116,0.049,NA,0.82,0.947,0.612
2008-05,0.461,0.824,0.561,NA,0.417,0.823,0.48
2008-06,-0.208,-0.023,0.238,NA,-0.217,0.776,0.562
2008-07,1.857,1.154,0.947,NA,-0.179,1.073,1.016
2008-08,1.407,1.652,1.791,NA,0.308,1.161,1.491
2008-09,0.805,2.264,1.843,NA,0.743,1.304,1.673
2008-10,0.404,1.257,1.774,NA,1.224,1.496,1.566
2008-11,-0.418,0.316,1.409,NA,1.321,1.111,1.36
2008-12,-0.673,-0.511,1.128,NA,0.961,0.488,1.229
2009-01,0.172,-0.723,0.415,NA,0.795,0.078,1.045
2009-02,-0.242,-0.536,-0.218,NA,0.87,0.034,0.703
2009-03,-0.081,-0.269,-0.628,NA,0.628,0.152,0.691
2009-04,-0.249,-0.635,-0.999,NA,0.543,0.418,0.837
2009-05,0.456,-0.109,-0.588,NA,0.552,0.674,0.587
2009-06,-0.18,-0.219,-0.452,NA,0.573,0.552,0.21
2009-07,2.64,1.765,1.055,NA,0.855,1.093,0.438
2009-08,-0.365,1.31,0.976,NA,0.359,1.208,0.412
2009-09,-0.965,1.081,0.687,NA,-0.119,0.805,0.378
2009-10,-0.469,-1.161,0.428,NA,-0.422,0.605,0.507
2009-11,1.811,0.382,1.19,NA,0.394,1.089,1.12
2009-12,-0.233,0.604,1.067,NA,0.542,1.044,1.01
2010-01,-0.679,0.524,-0.37,NA,0.251,0.404,0.666
2010-02,0.014,-0.659,-0.251,NA,0.319,0.051,0.722
2010-03,-0.182,-0.758,-0.068,NA,0.301,-0.157,0.549
2010-04,-1.282,-0.964,-0.122,NA,0.151,-0.412,0.413
2010-05,-0.679,-1.411,-1.352,NA,-0.075,-0.422,0.279
2010-06,-1.206,-2.233,-2.071,NA,-0.264,-0.493,0.18
2010-07,0.692,-0.639,-1.262,NA,-1.01,-0.344,-0.107
2010-08,0.703,0.168,-0.744,NA,-0.744,-0.115,-0.297
2010-09,0.265,0.793,-0.597,NA,-0.451,-0.044,-0.406
2010-10,-0.483,0.05,-0.459,NA,-0.425,-0.123,-0.593
2010-11,0.049,-0.29,-0.216,NA,-1.142,-0.221,-0.535
2010-12,-1.837,-1.417,-0.536,NA,-1.595,-0.551,-0.732
2011-01,0.302,-0.88,-0.573,NA,-1.184,-1.193,-0.612
2011-02,-0.131,-0.869,-0.865,NA,-1.225,-1.148,-0.556
2011-03,-2.071,-0.803,-1.631,NA,-1.632,-1.239,-0.778
2011-04,-2.072,-2.453,-2.066,NA,-1.62,-1.355,-0.913
2011-05,-0.548,-2.899,-2.185,NA,-1.64,-2.04,-1.083
2011-06,0.911,-0.64,-1.185,NA,-1.131,-1.986,-0.967
2011-07,0.303,0.347,-1.288,NA,-1.195,-1.587,-1.616
2011-08,0.175,0.607,-0.998,NA,-1.462,-1.623,-1.569
2011-09,0.468,0.366,-0.173,NA,-1.448,-1.432,-1.255
2011-10,0.158,0.255,0.363,NA,-1.135,-1.078,-1.045
2011-11,-1.372,-0.445,-0.009,NA,-1.513,-1.379,-1.874
2011-12,1.226,0.175,0.299,NA,-0.459,-0.718,-1.5
2012-01,0.203,0.199,0.247,NA,-0.49,-0.788,-1.127
2012-02,-0.837,0.383,-0.062,NA,-0.661,-1.123,-1.202
2012-03,-1.891,-1.269,-0.698,NA,-0.682,-1.436,-1.42
2012-04,2.117,0.01,0.111,NA,0.259,-0.797,-0.838
2012-05,-0.689,0.278,0.403,NA,0.239,-0.913,-0.867
2012-06,2.109,2.55,0.947,NA,0.731,0.05,-0.254
2012-07,1.345,1.847,1.499,NA,0.978,0.287,-0.129
2012-08,1.049,2.366,2.145,NA,1.291,0.611,-0.047
2012-09,0.344,1.459,2.8,NA,1.3,0.927,-0.024
2012-10,1.022,1.235,2.239,NA,1.606,1.336,0.364
2012-11,0.895,1.156,2.624,NA,2.103,1.735,0.545
2012-12,1.886,2.179,2.506,NA,2.432,2.077,1.472
2013-01,0.398,1.862,1.976,NA,2.361,1.983,1.33
2013-02,-0.476,1.061,1.451,NA,2.418,1.836,1.211
2013-03,0.026,-0.165,1.546,NA,2.771,1.756,1.416
2013-04,-1.031,-1.132,1.012,NA,2.025,1.665,1.467
2013-05,0.537,-0.347,0.735,NA,2.276,1.937,1.63
2013-06,-0.593,-0.8,-0.719,NA,1.588,1.757,1.533
2013-07,-1.653,-0.961,-1.633,NA,0.943,1.42,1.3
2013-08,0.325,-0.975,-1.04,NA,0.765,1.727,1.378
2013-09,-0.021,-0.714,-1.162,NA,0.688,1.907,1.258
2013-10,1.232,0.875,0.148,NA,0.781,1.678,1.498
2013-11,-0.06,0.679,-0.076,NA,0.448,1.889,1.719
2013-12,0.959,1.255,0.593,NA,0.022,1.563,1.773
2014-01,1.35,1.347,1.405,NA,0.407,1.571,1.856
2014-02,1.619,1.961,1.837,NA,1.101,1.745,2.201
2014-03,-0.524,1.751,1.98,NA,1.034,1.615,2.344
2014-04,0.497,1.283,1.76,NA,1.245,1.467,2.057
2014-05,0.841,0.353,1.894,NA,1.343,1.373,2.285
2014-06,0.124,0.663,1.894,NA,1.524,0.955,2.057
2014-07,-1.114,-0.138,0.783,NA,1.515,0.651,1.685
2014-08,1.179,0.237,0.337,NA,1.853,1.094,1.781
2014-09,-2.86,-0.911,-0.262,NA,1.524,0.721,1.408
2014-10,0.09,-0.238,-0.39,NA,1.028,0.804,1.117
2014-11,0.279,-0.774,-0.556,NA,1.089,0.831,0.992
2014-12,0.154,0.12,-0.469,NA,0.828,0.945,0.554
2015-01,1.005,0.754,0.313,NA,0.624,1.334,0.652
2015-02,0.504,0.763,0.05,NA,0.177,1.356,0.787
2015-03,-0.464,0.701,0.47,NA,0.185,1.298,0.735
2015-04,-1.381,-0.692,0.211,NA,-0.128,0.832,0.708
2015-05,0.826,-0.561,0.359,NA,-0.139,0.964,0.768
2015-06,0.002,-0.317,0.358,NA,-0.178,0.811,0.911
2015-07,0.919,0.794,0.125,NA,0.27,0.538,1.229
2015-08,1.109,0.995,0.452,NA,0.253,0.337,1.447
2015-09,0.372,1.261,0.788,NA,0.81,0.495,1.485
2015-10,-0.85,0.183,0.618,NA,0.516,0.177,0.949
2015-11,0.635,-0.065,0.593,NA,0.612,0.181,1.1
2015-12,0.561,0.091,0.811,NA,0.783,0.317,1.085
2016-01,1.099,1.256,0.914,NA,0.771,0.743,0.892
2016-02,0.772,1.158,0.77,NA,0.86,0.643,0.63
2016-03,0.475,1.313,0.877,NA,1.082,1.028,0.766
2016-04,-0.769,0.363,1.178,NA,1.113,0.959,0.619
2016-05,-0.479,-0.554,0.742,NA,0.876,0.813,0.454
2016-06,1.104,0.033,1.128,NA,1.21,1.154,0.686
2016-07,-1.235,-0.164,0.06,NA,0.738,0.635,0.658
2016-08,-0.062,0.008,-0.404,NA,0.417,0.531,0.415
2016-09,0.102,-0.768,-0.63,NA,0.348,0.612,0.718
2016-10,-1.85,-1.152,-1.16,NA,0.143,0.379,0.378
2016-11,0.49,-0.697,-0.669,NA,0.084,0.364,0.416
2016-12,-1.946,-1.853,-1.92,NA,-0.612,-0.017,0.092
2017-01,-0.499,-1.187,-1.576,NA,-1.24,-0.349,-0.274
2017-02,-0.204,-1.5,-1.567,NA,-1.595,-0.672,-0.393
2017-03,0.735,-0.279,-1.553,NA,-1.595,-0.605,-0.229
2017-04,-1.006,-0.382,-1.212,NA,-1.533,-0.524,-0.187
2017-05,-0.581,-0.501,-1.589,NA,-1.597,-0.781,-0.394
2017-06,0.437,-0.767,-0.802,NA,-1.917,-0.969,-0.359
2017-07,1.568,0.842,0.361,NA,-1.054,-0.873,-0.225
2017-08,0.092,1.008,0.496,NA,-1.078,-1.133,-0.471
2017-09,0.937,1.406,0.677,NA,-0.814,-0.956,-0.32
2017-10,-1.016,-0.15,0.386,NA,-0.589,-1.002,-0.327
2017-11,-0.497,-0.438,0.317,NA,-0.897,-1.143,-0.603
2017-12,0.552,-0.645,0.41,NA,-0.169,-1.217,-0.613
2018-01,0.491,0.24,0.014,NA,0.153,-0.843,-0.715
2018-02,-0.786,0.126,-0.253,NA,0.021,-0.988,-0.971
2018-03,1.749,0.741,-0.022,NA,0.329,-0.606,-0.738
2018-04,0.742,0.932,0.685,NA,0.647,-0.094,-0.518
2018-05,-0.843,1.13,0.638,NA,0.621,-0.338,-0.575
2018-06,-2.303,-1.199,-0.077,NA,0.214,-0.243,-1.112
2018-07,-0.792,-2.171,-0.703,NA,-0.406,-0.207,-1.082
2018-08,0.323,-1.181,-0.109,NA,-0.367,-0.084,-1.042
2018-09,0.096,-0.322,-1.089,NA,-0.685,-0.224,-1.01
2018-10,-0.383,-0.207,-1.548,NA,-0.459,-0.168,-0.723
2018-11,0.456,-0.083,-0.925,NA,-0.154,0.014,-0.772
2018-12,0.668,0.284,-0.017,NA,-0.093,0.123,-0.247
2019-01,-1.066,-0.037,-0.207,NA,-0.592,-0.496,-0.311
2019-02,-0.211,-0.372,-0.384,NA,-0.449,-0.566,-0.292
2019-03,0.718,-0.62,-0.245,NA,-0.831,-0.649,-0.307
2019-04,0.014,0.072,-0.043,NA,-0.951,-0.397,-0.184
2019-05,-1.088,-0.222,-0.508,NA,-1.018,-0.439,-0.242
2019-06,0.854,-0.079,-0.656,NA,-0.438,-0.456,-0.184
2019-07,-0.66,-0.393,-0.326,NA,-0.395,-0.674,-0.623
2019-08,0.612,0.419,0.136,NA,-0.331,-0.369,-0.533
2019-09,1.339,0.851,0.573,NA,0.105,-0.421,-0.404
2019-10,0.996,1.502,1.065,NA,0.655,-0.2,0.096
2019-11,0.914,1.63,1.64,NA,0.785,0.149,0.381
2019-12,0.975,1.571,1.675,NA,0.936,0.686,0.555
2020-01,0.016,0.997,1.6,NA,1.15,0.737,0.387
2020-02,2.022,1.564,2.123,NA,1.918,1.242,0.975
2020-03,0.308,1.494,2.036,NA,1.901,1.277,0.737
2020-04,-1.092,1.488,1.605,NA,1.663,1.292,0.527
2020-05,-2.723,-1.683,0.733,NA,1.576,0.937,0.425
2020-06,1.502,-0.348,1.093,NA,1.838,1.264,0.982
2020-07,0.019,0.175,1.157,NA,1.87,1.43,1.07
2020-08,1.171,1.453,0.357,NA,2.144,1.84,1.299
2020-09,-0.676,0.286,-0.063,NA,1.674,1.547,1.152
2020-10,1.163,1.023,0.935,NA,1.706,1.735,1.486
2020-11,-0.585,0.135,1.111,NA,1.234,1.889,1.317
2020-12,1.431,1.31,1.15,NA,1.461,2.077,1.648
2021-01,0.932,1.153,1.373,NA,1.683,2.258,1.847
2021-02,0.44,1.39,1.069,NA,1.071,2.196,1.855
2021-03,-0.827,0.476,1.203,NA,0.888,1.813,1.698
2021-04,-2.718,-1.315,0.282,NA,0.727,1.381,1.502
2021-05,2.296,0.336,1.345,NA,1.651,1.611,2.024
2021-06,-0.415,0.482,0.644,NA,1.184,1.487,2.003
2021-07,0.988,1.593,0.525,NA,1.359,1.604,2.229
2021-08,-0.577,-0.103,0.063,NA,0.962,0.936,2.122
2021-09,-0.041,0.065,0.305,NA,1.14,0.845,1.794
2021-10,1,0.304,1.31,NA,1.042,1.186,1.726
2021-11,-1.673,-0.16,-0.301,NA,0.788,1.226,1.319
2021-12,0.161,-0.061,-0.063,NA,0.303,0.878,1.215
2022-01,-1.047,-1.575,-0.792,NA,-0.379,0.586,0.898
2022-02,0.567,-0.27,-0.364,NA,-0.331,0.434,0.466
2022-03,-1.13,-0.959,-0.713,NA,-0.409,0.4,0.297
2022-04,-1.068,-0.851,-1.796,NA,-0.222,-0.067,0.304
2022-05,-0.33,-1.727,-1.127,NA,-1.031,-0.003,0.472
2022-06,-0.23,-1.213,-1.684,NA,-1.024,-0.556,0.145
2022-07,-1.94,-1.425,-1.765,NA,-1.618,-1.085,-0.087
2022-08,-0.968,-1.76,-2.544,NA,-1.813,-1.469,-0.513
2022-09,0.571,-1.156,-1.783,NA,-1.662,-1.139,-0.262
2022-10,-0.063,-0.313,-1.264,NA,-2.131,-0.782,-0.597
2022-11,1.519,0.976,-0.171,NA,-0.959,-0.987,-0.131
2022-12,0.142,0.803,-0.009,NA,-0.967,-0.831,-0.507
2023-01,0.75,1.31,0.665,NA,-0.329,-0.794,-0.497
2023-02,-1.743,-0.221,0.448,-0.347,-0.893,-0.988,-0.819
2023-03,2.029,0.831,1.025,0.397,-0.07,-0.511,-0.34
2023-04,0.409,0.621,1.344,0.791,0.21,-0.749,-0.064
2023-05,-0.373,1.355,0.492,0.927,0.207,-0.496,-0.562
